"","id","species","nematode_count","island","species_code","species_name","island_code","new_island_index"
"1","sc03-40","hirsutus",1,"Santa_Cruz",14,"hirsutus",12,10
"2","sc03-40","hirsutus",1,"Santa_Cruz",14,"hirsutus",12,10
"3","sc03-40","hirsutus",1,"Santa_Cruz",14,"hirsutus",12,10
"4","sc03-40","hirsutus",0,"Santa_Cruz",14,"hirsutus",12,10
"5","sc03-40","hirsutus",0,"Santa_Cruz",14,"hirsutus",12,10
"6","sc03-40","hirsutus",0,"Santa_Cruz",14,"hirsutus",12,10
"7","sc03-40","hirsutus",0,"Santa_Cruz",14,"hirsutus",12,10
"8","sc03-40","hirsutus",0,"Santa_Cruz",14,"hirsutus",12,10
"9","sc03-35","hirsutus",0,"Santa_Cruz",14,"hirsutus",12,10
"10","sc03-35","hirsutus",0,"Santa_Cruz",14,"hirsutus",12,10
"11","sc03-35","hirsutus",0,"Santa_Cruz",14,"hirsutus",12,10
"12","sc03-35","hirsutus",0,"Santa_Cruz",14,"hirsutus",12,10
"13","sc03-63","hirsutus",10,"Santa_Cruz",14,"hirsutus",12,10
"14","sc03-63","hirsutus",0,"Santa_Cruz",14,"hirsutus",12,10
"15","sc03-63","hirsutus",0,"Santa_Cruz",14,"hirsutus",12,10
"16","sc03-63","hirsutus",0,"Santa_Cruz",14,"hirsutus",12,10
"17","sc03-69","hirsutus",0,"Santa_Cruz",14,"hirsutus",12,10
"18","sc03-69","hirsutus",0,"Santa_Cruz",14,"hirsutus",12,10
"19","sc03-69","hirsutus",0,"Santa_Cruz",14,"hirsutus",12,10
"20","sc03-69","hirsutus",0,"Santa_Cruz",14,"hirsutus",12,10
"21","sc03-69","hirsutus",0,"Santa_Cruz",14,"hirsutus",12,10
"22","sc03-69","hirsutus",0,"Santa_Cruz",14,"hirsutus",12,10
"23","sc03-69","hirsutus",0,"Santa_Cruz",14,"hirsutus",12,10
"24","sc03-43","hirsutus",0,"Santa_Cruz",14,"hirsutus",12,10
"25","sc03-43","hirsutus",0,"Santa_Cruz",14,"hirsutus",12,10
"26","sc03-43","hirsutus",0,"Santa_Cruz",14,"hirsutus",12,10
"27","sc03-43","hirsutus",0,"Santa_Cruz",14,"hirsutus",12,10
"28","sc03-43","hirsutus",0,"Santa_Cruz",14,"hirsutus",12,10
"29","sc03-43","hirsutus",0,"Santa_Cruz",14,"hirsutus",12,10
"30","sc03-43","hirsutus",0,"Santa_Cruz",14,"hirsutus",12,10
"31","sc03-43","hirsutus",0,"Santa_Cruz",14,"hirsutus",12,10
"32","sc03-43","hirsutus",0,"Santa_Cruz",14,"hirsutus",12,10
"33","sc03-43","hirsutus",0,"Santa_Cruz",14,"hirsutus",12,10
"34","sc03-69","hirsutus",15,"Santa_Cruz",14,"hirsutus",12,10
"35","sc03-69","hirsutus",0,"Santa_Cruz",14,"hirsutus",12,10
"36","sc03-69","hirsutus",0,"Santa_Cruz",14,"hirsutus",12,10
"37","sc03-46","hirsutus",0,"Santa_Cruz",14,"hirsutus",12,10
"38","sc03-46","hirsutus",0,"Santa_Cruz",14,"hirsutus",12,10
"39","sc03-67","hirsutus",0,"Santa_Cruz",14,"hirsutus",12,10
"40","sc03-67","hirsutus",0,"Santa_Cruz",14,"hirsutus",12,10
"41","sc03-67","hirsutus",0,"Santa_Cruz",14,"hirsutus",12,10
"42","sc03-67","hirsutus",0,"Santa_Cruz",14,"hirsutus",12,10
"43","sc03-70","hirsutus",1,"Santa_Cruz",14,"hirsutus",12,10
"44","sc03-70","hirsutus",0,"Santa_Cruz",14,"hirsutus",12,10
"45","sc03-70","hirsutus",0,"Santa_Cruz",14,"hirsutus",12,10
"46","sc03-70","hirsutus",0,"Santa_Cruz",14,"hirsutus",12,10
"47","sc03-66","hirsutus",0,"Santa_Cruz",14,"hirsutus",12,10
"48","sc03-66","hirsutus",0,"Santa_Cruz",14,"hirsutus",12,10
"49","sc03-66","hirsutus",0,"Santa_Cruz",14,"hirsutus",12,10
"50","sc015","ochsneri",2,"Santa_Cruz",21,"ochsneri",12,10
"51","sc015","ochsneri",0,"Santa_Cruz",21,"ochsneri",12,10
"52","sc015-11","ochsneri",0,"Santa_Cruz",21,"ochsneri",12,10
"53","sc015-11","ochsneri",0,"Santa_Cruz",21,"ochsneri",12,10
"54","sc015-11","ochsneri",0,"Santa_Cruz",21,"ochsneri",12,10
"55","sc15-07-017","ochsneri",5,"Santa_Cruz",21,"ochsneri",12,10
"56","sc15-07-016","ochsneri",4,"Santa_Cruz",21,"ochsneri",12,10
"57","sc14-10","eos",0,"Santa_Cruz",12,"eos",12,10
"58","sc14-10","eos",0,"Santa_Cruz",12,"eos",12,10
"59","sc14-10","eos",0,"Santa_Cruz",12,"eos",12,10
"60","sc14-10","eos",0,"Santa_Cruz",12,"eos",12,10
"61","sc14-10","eos",0,"Santa_Cruz",12,"eos",12,10
"62","sc14-10","eos",0,"Santa_Cruz",12,"eos",12,10
"63","sc14-10","eos",0,"Santa_Cruz",12,"eos",12,10
"64","sc14-10","eos",0,"Santa_Cruz",12,"eos",12,10
"65","sc14-10","eos",0,"Santa_Cruz",12,"eos",12,10
"66","sc14-18","eos",0,"Santa_Cruz",12,"eos",12,10
"67","sc14-18","eos",0,"Santa_Cruz",12,"eos",12,10
"68","sc14-18","eos",0,"Santa_Cruz",12,"eos",12,10
"69","sc14-18","eos",0,"Santa_Cruz",12,"eos",12,10
"70","sc14-12","eos",0,"Santa_Cruz",12,"eos",12,10
"71","sc14-12","eos",0,"Santa_Cruz",12,"eos",12,10
"72","sc14-13","eos",0,"Santa_Cruz",12,"eos",12,10
"73","sc14-13","eos",0,"Santa_Cruz",12,"eos",12,10
"74","sc14-13","eos",0,"Santa_Cruz",12,"eos",12,10
"75","sc14-13","eos",0,"Santa_Cruz",12,"eos",12,10
"76","sc14-13","eos",0,"Santa_Cruz",12,"eos",12,10
"77","sc14-13","eos",0,"Santa_Cruz",12,"eos",12,10
"78","sc14-13","eos",0,"Santa_Cruz",12,"eos",12,10
"79","sc15-06","ochsneri",1,"Santa_Cruz",21,"ochsneri",12,10
"80","sc15-06","ochsneri",5,"Santa_Cruz",21,"ochsneri",12,10
"81","sc15-06","ochsneri",0,"Santa_Cruz",21,"ochsneri",12,10
"82","sc15-06","ochsneri",100,"Santa_Cruz",21,"ochsneri",12,10
"83","sc15-06","ochsneri",35,"Santa_Cruz",21,"ochsneri",12,10
"84","sc15-06","ochsneri",0,"Santa_Cruz",21,"ochsneri",12,10
"85","sc15-06","ochsneri",0,"Santa_Cruz",21,"ochsneri",12,10
"86","sc15-06","ochsneri",24,"Santa_Cruz",21,"ochsneri",12,10
"87","sc15-06","ochsneri",90,"Santa_Cruz",21,"ochsneri",12,10
"88","sc15-07-013","ochsneri",1,"Santa_Cruz",21,"ochsneri",12,10
"89","sc01","ochsneri",13,"Santa_Cruz",21,"ochsneri",12,10
"90","sc01","ochsneri",2,"Santa_Cruz",21,"ochsneri",12,10
"91","sc01","ochsneri",0,"Santa_Cruz",21,"ochsneri",12,10
"92","sc01","ochsneri",2,"Santa_Cruz",21,"ochsneri",12,10
"93","sc01","ochsneri",0,"Santa_Cruz",21,"ochsneri",12,10
"94","sc01","ochsneri",3,"Santa_Cruz",21,"ochsneri",12,10
"95","sc01","ochsneri",0,"Santa_Cruz",21,"ochsneri",12,10
"96","sc15-07-01-10","ochsneri",4,"Santa_Cruz",21,"ochsneri",12,10
"97","sc15-07-01-8","ochsneri",3,"Santa_Cruz",21,"ochsneri",12,10
"98","sc14-03-17","ochsneri",1,"Santa_Cruz",21,"ochsneri",12,10
"99","sc01-01","ochsneri",3,"Santa_Cruz",21,"ochsneri",12,10
"100","sc01-01","ochsneri",0,"Santa_Cruz",21,"ochsneri",12,10
"101","sc01-01","ochsneri",0,"Santa_Cruz",21,"ochsneri",12,10
"102","sc01-01","ochsneri",0,"Santa_Cruz",21,"ochsneri",12,10
"103","sc01-01","ochsneri",0,"Santa_Cruz",21,"ochsneri",12,10
"104","sc01-01","ochsneri",0,"Santa_Cruz",21,"ochsneri",12,10
"105","sc15-05","ochsneri",1,"Santa_Cruz",21,"ochsneri",12,10
"106","sc15-05","ochsneri",6,"Santa_Cruz",21,"ochsneri",12,10
"107","sc15-05","ochsneri",50,"Santa_Cruz",21,"ochsneri",12,10
"108","sc15-05","ochsneri",100,"Santa_Cruz",21,"ochsneri",12,10
"109","sc15-05","ochsneri",75,"Santa_Cruz",21,"ochsneri",12,10
"110","sc15-05","ochsneri",0,"Santa_Cruz",21,"ochsneri",12,10
"111","sc15-05","ochsneri",100,"Santa_Cruz",21,"ochsneri",12,10
"112","sc15-05","ochsneri",1,"Santa_Cruz",21,"ochsneri",12,10
"113","sc15-05","ochsneri",0,"Santa_Cruz",21,"ochsneri",12,10
"114","sc15-05","ochsneri",0,"Santa_Cruz",21,"ochsneri",12,10
"115","sc15","ochsneri",40,"Santa_Cruz",21,"ochsneri",12,10
"116","sc15","ochsneri",35,"Santa_Cruz",21,"ochsneri",12,10
"117","sc16-04","eos",0,"Santa_Cruz",12,"eos",12,10
"118","sc16-04","eos",0,"Santa_Cruz",12,"eos",12,10
"119","sc16-04","eos",0,"Santa_Cruz",12,"eos",12,10
"120","sc16-04","eos",0,"Santa_Cruz",12,"eos",12,10
"121","sc16-04","eos",0,"Santa_Cruz",12,"eos",12,10
"122","sc16-04","eos",0,"Santa_Cruz",12,"eos",12,10
"123","sc16-04","eos",0,"Santa_Cruz",12,"eos",12,10
"124","sc16-04","eos",0,"Santa_Cruz",12,"eos",12,10
"125","sc16-04","eos",0,"Santa_Cruz",12,"eos",12,10
"126","sc16-04","eos",0,"Santa_Cruz",12,"eos",12,10
"127","sc16-04","eos",0,"Santa_Cruz",12,"eos",12,10
"128","sc16-04","eos",0,"Santa_Cruz",12,"eos",12,10
"129","sc16-04","eos",0,"Santa_Cruz",12,"eos",12,10
"130","sc16-04","eos",0,"Santa_Cruz",12,"eos",12,10
"131","sc16-04","eos",0,"Santa_Cruz",12,"eos",12,10
"132","sc16-04","eos",0,"Santa_Cruz",12,"eos",12,10
"133","sc16-04","eos",0,"Santa_Cruz",12,"eos",12,10
"134","sc16-04","eos",0,"Santa_Cruz",12,"eos",12,10
"135","sc16-04","eos",0,"Santa_Cruz",12,"eos",12,10
"136","sc16-04","eos",0,"Santa_Cruz",12,"eos",12,10
"137","sc15-15","tanneri",3,"Santa_Cruz",42,"tanneri",12,10
"138","sc15-15","tanneri",40,"Santa_Cruz",42,"tanneri",12,10
"139","sc15-15","tanneri",2,"Santa_Cruz",42,"tanneri",12,10
"140","sc15-15","tanneri",0,"Santa_Cruz",42,"tanneri",12,10
"141","sc15-15","tanneri",0,"Santa_Cruz",42,"tanneri",12,10
"142","sc15-15","tanneri",0,"Santa_Cruz",42,"tanneri",12,10
"143","sc15-15","tanneri",0,"Santa_Cruz",42,"tanneri",12,10
"144","sc15-15","tanneri",0,"Santa_Cruz",42,"tanneri",12,10
"145","sc15-15","tanneri",0,"Santa_Cruz",42,"tanneri",12,10
"146","sc15-15","tanneri",0,"Santa_Cruz",42,"tanneri",12,10
"147","sc15-15","tanneri",0,"Santa_Cruz",42,"tanneri",12,10
"148","sc15-15","tanneri",0,"Santa_Cruz",42,"tanneri",12,10
"149","sc15-15","tanneri",0,"Santa_Cruz",42,"tanneri",12,10
"150","sc15-15","tanneri",0,"Santa_Cruz",42,"tanneri",12,10
"151","sc15-15","tanneri",0,"Santa_Cruz",42,"tanneri",12,10
"152","sc15-15","tanneri",0,"Santa_Cruz",42,"tanneri",12,10
"153","sc15-15","tanneri",0,"Santa_Cruz",42,"tanneri",12,10
"154","sc15-15","tanneri",0,"Santa_Cruz",42,"tanneri",12,10
"155","sc15-15","tanneri",0,"Santa_Cruz",42,"tanneri",12,10
"156","sc15-01","tanneri",0,"Santa_Cruz",42,"tanneri",12,10
"157","sc15-01","tanneri",0,"Santa_Cruz",42,"tanneri",12,10
"158","sc15-01","tanneri",0,"Santa_Cruz",42,"tanneri",12,10
"159","sc15-01","tanneri",0,"Santa_Cruz",42,"tanneri",12,10
"160","sc15-01","tanneri",0,"Santa_Cruz",42,"tanneri",12,10
"161","sc15-01","tanneri",0,"Santa_Cruz",42,"tanneri",12,10
"162","sc15-01","tanneri",0,"Santa_Cruz",42,"tanneri",12,10
"163","sc15-01","tanneri",0,"Santa_Cruz",42,"tanneri",12,10
"164","sc15-01","tanneri",0,"Santa_Cruz",42,"tanneri",12,10
"165","sc15","tanneri",0,"Santa_Cruz",42,"tanneri",12,10
"166","sc15","tanneri",0,"Santa_Cruz",42,"tanneri",12,10
"167","sc15","tanneri",0,"Santa_Cruz",42,"tanneri",12,10
"168","sc15","tanneri",0,"Santa_Cruz",42,"tanneri",12,10
"169","sc15","tanneri",2,"Santa_Cruz",42,"tanneri",12,10
"170","sc15","tanneri",50,"Santa_Cruz",42,"tanneri",12,10
"171","sc15","tanneri",0,"Santa_Cruz",42,"tanneri",12,10
"172","sc15","tanneri",0,"Santa_Cruz",42,"tanneri",12,10
"173","sc15","tanneri",0,"Santa_Cruz",42,"tanneri",12,10
"174","sc15","tanneri",0,"Santa_Cruz",42,"tanneri",12,10
"175","sc15","tanneri",0,"Santa_Cruz",42,"tanneri",12,10
"176","sc15","tanneri",0,"Santa_Cruz",42,"tanneri",12,10
"177","sc15","tanneri",0,"Santa_Cruz",42,"tanneri",12,10
"178","sc15","tanneri",0,"Santa_Cruz",42,"tanneri",12,10
"179","sc15","tanneri",0,"Santa_Cruz",42,"tanneri",12,10
"180","sc15","tanneri",0,"Santa_Cruz",42,"tanneri",12,10
"181","sc15","tanneri",0,"Santa_Cruz",42,"tanneri",12,10
"182","sc15","tanneri",0,"Santa_Cruz",42,"tanneri",12,10
"183","sc15","tanneri",0,"Santa_Cruz",42,"tanneri",12,10
"184","sc15","tanneri",0,"Santa_Cruz",42,"tanneri",12,10
"185","sc15","tanneri",0,"Santa_Cruz",42,"tanneri",12,10
"186","sc15","tanneri",0,"Santa_Cruz",42,"tanneri",12,10
"187","sc112","reibischi",3,"Santa_Cruz",30,"reibischi",12,10
"188","sc112","reibischi",20,"Santa_Cruz",30,"reibischi",12,10
"189","sc112","reibischi",3,"Santa_Cruz",30,"reibischi",12,10
"190","sc112","reibischi",1,"Santa_Cruz",30,"reibischi",12,10
"191","sc112","reibischi",0,"Santa_Cruz",30,"reibischi",12,10
"192","sc112","reibischi",0,"Santa_Cruz",30,"reibischi",12,10
"193","sc112","reibischi",0,"Santa_Cruz",30,"reibischi",12,10
"194","sc112","reibischi",0,"Santa_Cruz",30,"reibischi",12,10
"195","sc112","reibischi",0,"Santa_Cruz",30,"reibischi",12,10
"196","sc112","reibischi",0,"Santa_Cruz",30,"reibischi",12,10
"197","sc112","reibischi",0,"Santa_Cruz",30,"reibischi",12,10
"198","sc112","reibischi",0,"Santa_Cruz",30,"reibischi",12,10
"199","sc-c1A-18","reibischi",1,"Santa_Cruz",30,"reibischi",12,10
"200","sc-c1A-19","reibischi",26,"Santa_Cruz",30,"reibischi",12,10
"201","sc-c1A-20","reibischi",60,"Santa_Cruz",30,"reibischi",12,10
"202","sc-c1A-21","reibischi",15,"Santa_Cruz",30,"reibischi",12,10
"203","sc-c1A-22","reibischi",13,"Santa_Cruz",30,"reibischi",12,10
"204","sc-c1A-23","reibischi",35,"Santa_Cruz",30,"reibischi",12,10
"205","sc-c1A-24","reibischi",8,"Santa_Cruz",30,"reibischi",12,10
"206","sc-c1A-25","reibischi",0,"Santa_Cruz",30,"reibischi",12,10
"207","sc-c1A-26","reibischi",0,"Santa_Cruz",30,"reibischi",12,10
"208","sc-c1A-27","reibischi",0,"Santa_Cruz",30,"reibischi",12,10
"209","sc-c1A-28","reibischi",0,"Santa_Cruz",30,"reibischi",12,10
"210","sc-c1A-29","reibischi",0,"Santa_Cruz",30,"reibischi",12,10
"211","sc-c1A-30","reibischi",1,"Santa_Cruz",30,"reibischi",12,10
"212","sc-c1A-31","reibischi",0,"Santa_Cruz",30,"reibischi",12,10
"213","sc-c1A-32","reibischi",16,"Santa_Cruz",30,"reibischi",12,10
"214","sc-c1A-33","reibischi",0,"Santa_Cruz",30,"reibischi",12,10
"215","sc-c1A-34","reibischi",21,"Santa_Cruz",30,"reibischi",12,10
"216","sc-c1A-35","reibischi",0,"Santa_Cruz",30,"reibischi",12,10
"217","sc-c1A-36","reibischi",0,"Santa_Cruz",30,"reibischi",12,10
"218","sc-c1A-37","reibischi",0,"Santa_Cruz",30,"reibischi",12,10
"219","sc-c1A-38","reibischi",0,"Santa_Cruz",30,"reibischi",12,10
"220","sc-c1A-39","reibischi",0,"Santa_Cruz",30,"reibischi",12,10
"221","sc-c1A-40","reibischi",0,"Santa_Cruz",30,"reibischi",12,10
"222","sc-c1A-41","reibischi",3,"Santa_Cruz",30,"reibischi",12,10
"223","sc-c1A-42","reibischi",0,"Santa_Cruz",30,"reibischi",12,10
"224","sc03-64","reibischi",0,"Santa_Cruz",30,"reibischi",12,10
"225","sc03-65","reibischi",0,"Santa_Cruz",30,"reibischi",12,10
"226","sc03-66","reibischi",0,"Santa_Cruz",30,"reibischi",12,10
"227","sc03-67","reibischi",0,"Santa_Cruz",30,"reibischi",12,10
"228","sc03-68","reibischi",0,"Santa_Cruz",30,"reibischi",12,10
"229","sc03-69","reibischi",0,"Santa_Cruz",30,"reibischi",12,10
"230","sc03-70","reibischi",0,"Santa_Cruz",30,"reibischi",12,10
"231","sc-c1A-18","reibischi",8,"Santa_Cruz",30,"reibischi",12,10
"232","sc-c1A-18","reibischi",20,"Santa_Cruz",30,"reibischi",12,10
"233","sc-c1A-18","reibischi",0,"Santa_Cruz",30,"reibischi",12,10
"234","sc-c1A-18","reibischi",0,"Santa_Cruz",30,"reibischi",12,10
"235","sc-c1A-18","reibischi",0,"Santa_Cruz",30,"reibischi",12,10
"236","sc-c1A-18","reibischi",0,"Santa_Cruz",30,"reibischi",12,10
"237","sc-00-8","wolfi",13,"Santa_Cruz",47,"wolfi",12,10
"238","sc-00-9","wolfi",3,"Santa_Cruz",47,"wolfi",12,10
"239","sc-00-10","wolfi",50,"Santa_Cruz",47,"wolfi",12,10
"240","sc-00-11","wolfi",60,"Santa_Cruz",47,"wolfi",12,10
"241","sc-00-12","wolfi",6,"Santa_Cruz",47,"wolfi",12,10
"242","sc-00-13","wolfi",2,"Santa_Cruz",47,"wolfi",12,10
"243","sc-00-14","wolfi",0,"Santa_Cruz",47,"wolfi",12,10
"244","sc-00-15","wolfi",0,"Santa_Cruz",47,"wolfi",12,10
"245","sc-00-16","wolfi",0,"Santa_Cruz",47,"wolfi",12,10
"246","sc-00-17","wolfi",0,"Santa_Cruz",47,"wolfi",12,10
"247","sc-00-18","wolfi",0,"Santa_Cruz",47,"wolfi",12,10
"248","sc14-11","wolfi",6,"Santa_Cruz",47,"wolfi",12,10
"249","sc14-12","wolfi",4,"Santa_Cruz",47,"wolfi",12,10
"250","sc14-13","wolfi",1,"Santa_Cruz",47,"wolfi",12,10
"251","sc14-14","wolfi",1,"Santa_Cruz",47,"wolfi",12,10
"252","sc14-15","wolfi",0,"Santa_Cruz",47,"wolfi",12,10
"253","sc-008","wolfi",5,"Santa_Cruz",47,"wolfi",12,10
"254","sc-008","wolfi",1,"Santa_Cruz",47,"wolfi",12,10
"255","sc-008","wolfi",1,"Santa_Cruz",47,"wolfi",12,10
"256","sc-008","wolfi",2,"Santa_Cruz",47,"wolfi",12,10
"257","sc-008","wolfi",0,"Santa_Cruz",47,"wolfi",12,10
"258","sc-008","wolfi",0,"Santa_Cruz",47,"wolfi",12,10
"259","sc-008","wolfi",0,"Santa_Cruz",47,"wolfi",12,10
"260","sc-008","wolfi",0,"Santa_Cruz",47,"wolfi",12,10
"261","sc-008","wolfi",0,"Santa_Cruz",47,"wolfi",12,10
"262","sc-008","wolfi",0,"Santa_Cruz",47,"wolfi",12,10
"263","sc-008","wolfi",0,"Santa_Cruz",47,"wolfi",12,10
"264","sc-008","wolfi",0,"Santa_Cruz",47,"wolfi",12,10
"265","sc-008","wolfi",0,"Santa_Cruz",47,"wolfi",12,10
"266","sc-008","wolfi",0,"Santa_Cruz",47,"wolfi",12,10
"267","sc-008","wolfi",0,"Santa_Cruz",47,"wolfi",12,10
"268","sc14-04","wolfi",1,"Santa_Cruz",47,"wolfi",12,10
"269","sc14-04","wolfi",6,"Santa_Cruz",47,"wolfi",12,10
"270","sc14-04","wolfi",0,"Santa_Cruz",47,"wolfi",12,10
"271","sc14-04","wolfi",0,"Santa_Cruz",47,"wolfi",12,10
"272","sc14-04","wolfi",0,"Santa_Cruz",47,"wolfi",12,10
"273","sc14-04","wolfi",0,"Santa_Cruz",47,"wolfi",12,10
"274","sc14-04","wolfi",0,"Santa_Cruz",47,"wolfi",12,10
"275","sc14-04","wolfi",0,"Santa_Cruz",47,"wolfi",12,10
"276","sc14-04","wolfi",0,"Santa_Cruz",47,"wolfi",12,10
"277","sc14-04","wolfi",0,"Santa_Cruz",47,"wolfi",12,10
"278","sc14-04","wolfi",0,"Santa_Cruz",47,"wolfi",12,10
"279","sc14-04","wolfi",0,"Santa_Cruz",47,"wolfi",12,10
"280","sc14-04","wolfi",0,"Santa_Cruz",47,"wolfi",12,10
"281","sc14-04","wolfi",0,"Santa_Cruz",47,"wolfi",12,10
"282","sc14-04","wolfi",0,"Santa_Cruz",47,"wolfi",12,10
"283","sc14-04","wolfi",0,"Santa_Cruz",47,"wolfi",12,10
"284","sc14-04","wolfi",0,"Santa_Cruz",47,"wolfi",12,10
"285","sc14-04","wolfi",0,"Santa_Cruz",47,"wolfi",12,10
"286","sc14-04","wolfi",0,"Santa_Cruz",47,"wolfi",12,10
"287","sc-c1A12","akamatus",3,"Santa_Cruz",1,"akamatus",12,10
"288","sc-c1A12","akamatus",3,"Santa_Cruz",1,"akamatus",12,10
"289","sc-c1A12","akamatus",3,"Santa_Cruz",1,"akamatus",12,10
"290","sc-c1A12","akamatus",20,"Santa_Cruz",1,"akamatus",12,10
"291","sc-c1A12","akamatus",18,"Santa_Cruz",1,"akamatus",12,10
"292","sc-c1A12","akamatus",8,"Santa_Cruz",1,"akamatus",12,10
"293","sc-c1A12","akamatus",4,"Santa_Cruz",1,"akamatus",12,10
"294","sc-c1A12","akamatus",8,"Santa_Cruz",1,"akamatus",12,10
"295","sc-c1A12","akamatus",5,"Santa_Cruz",1,"akamatus",12,10
"296","sc-c1A12","akamatus",3,"Santa_Cruz",1,"akamatus",12,10
"297","sc-c1A12","akamatus",13,"Santa_Cruz",1,"akamatus",12,10
"298","sc-c1A12","akamatus",0,"Santa_Cruz",1,"akamatus",12,10
"299","sc-c1A12","akamatus",0,"Santa_Cruz",1,"akamatus",12,10
"300","sc-c1A12","akamatus",0,"Santa_Cruz",1,"akamatus",12,10
"301","sc-c1A12","akamatus",0,"Santa_Cruz",1,"akamatus",12,10
"302","sc-c1A12","akamatus",0,"Santa_Cruz",1,"akamatus",12,10
"303","sc-c1A12","akamatus",0,"Santa_Cruz",1,"akamatus",12,10
"304","sc-c1A12","akamatus",0,"Santa_Cruz",1,"akamatus",12,10
"305","sc-c1A42","akamatus",3,"Santa_Cruz",1,"akamatus",12,10
"306","sc-c1A42","akamatus",24,"Santa_Cruz",1,"akamatus",12,10
"307","sc-c1A42","akamatus",4,"Santa_Cruz",1,"akamatus",12,10
"308","sc-c1A42","akamatus",5,"Santa_Cruz",1,"akamatus",12,10
"309","sc-c1A42","akamatus",5,"Santa_Cruz",1,"akamatus",12,10
"310","sc-c1A42","akamatus",3,"Santa_Cruz",1,"akamatus",12,10
"311","sc-c1A42","akamatus",4,"Santa_Cruz",1,"akamatus",12,10
"312","sc-c1A42","akamatus",0,"Santa_Cruz",1,"akamatus",12,10
"313","sc-c1A42","akamatus",0,"Santa_Cruz",1,"akamatus",12,10
"314","sc-c1A42","akamatus",0,"Santa_Cruz",1,"akamatus",12,10
"315","sc-c1A42","akamatus",0,"Santa_Cruz",1,"akamatus",12,10
"316","sc-c1A42","akamatus",0,"Santa_Cruz",1,"akamatus",12,10
"317","sc-c1A42","akamatus",0,"Santa_Cruz",1,"akamatus",12,10
"318","sc-c1A42","akamatus",0,"Santa_Cruz",1,"akamatus",12,10
"319","sc-c1A42","akamatus",0,"Santa_Cruz",1,"akamatus",12,10
"320","sc-c1A42","akamatus",0,"Santa_Cruz",1,"akamatus",12,10
"321","sc-c1A42","akamatus",45,"Santa_Cruz",1,"akamatus",12,10
"322","sc-c1A42","akamatus",5,"Santa_Cruz",1,"akamatus",12,10
"323","sc-c1A42","akamatus",4,"Santa_Cruz",1,"akamatus",12,10
"324","sc-c1A42","akamatus",45,"Santa_Cruz",1,"akamatus",12,10
"325","sc-c1A42","akamatus",0,"Santa_Cruz",1,"akamatus",12,10
"326","sc-c1A42","akamatus",0,"Santa_Cruz",1,"akamatus",12,10
"327","sc-c1A42","akamatus",4,"Santa_Cruz",1,"akamatus",12,10
"328","sc-c1A42","akamatus",4,"Santa_Cruz",1,"akamatus",12,10
"329","sc-c1A42","akamatus",0,"Santa_Cruz",1,"akamatus",12,10
"330","sc-c1A42","akamatus",0,"Santa_Cruz",1,"akamatus",12,10
"331","sc-c1A42","akamatus",0,"Santa_Cruz",1,"akamatus",12,10
"332","sc-c1A42","akamatus",0,"Santa_Cruz",1,"akamatus",12,10
"333","sc-c1A42","akamatus",0,"Santa_Cruz",1,"akamatus",12,10
"334","sc-c1A42","akamatus",0,"Santa_Cruz",1,"akamatus",12,10
"335","sc-c1A42","akamatus",0,"Santa_Cruz",1,"akamatus",12,10
"336","sc-c1A42","akamatus",0,"Santa_Cruz",1,"akamatus",12,10
"337","sc-c1A42","akamatus",0,"Santa_Cruz",1,"akamatus",12,10
"338","sc-c1A42","akamatus",0,"Santa_Cruz",1,"akamatus",12,10
"339","SC-GA39","akamatus",0,"Santa_Cruz",1,"akamatus",12,10
"340","SC-GA39","akamatus",0,"Santa_Cruz",1,"akamatus",12,10
"341","SC-GA39","akamatus",0,"Santa_Cruz",1,"akamatus",12,10
"342","SC-GA39","akamatus",36,"Santa_Cruz",1,"akamatus",12,10
"343","SC-GA39","akamatus",30,"Santa_Cruz",1,"akamatus",12,10
"344","SC-GA39","akamatus",72,"Santa_Cruz",1,"akamatus",12,10
"345","sl14-04","amastroides",1,"San_Cristobal",3,"amastroides",11,9
"346","sl14-04","amastroides",1,"San_Cristobal",3,"amastroides",11,9
"347","sl14-04","amastroides",0,"San_Cristobal",3,"amastroides",11,9
"348","sl14-04","amastroides",0,"San_Cristobal",3,"amastroides",11,9
"349","sl14-04","amastroides",0,"San_Cristobal",3,"amastroides",11,9
"350","sl14-04","amastroides",0,"San_Cristobal",3,"amastroides",11,9
"351","sl14-04","amastroides",0,"San_Cristobal",3,"amastroides",11,9
"352","sl14-04","amastroides",0,"San_Cristobal",3,"amastroides",11,9
"353","sl14-04","amastroides",0,"San_Cristobal",3,"amastroides",11,9
"354","sl14-04","amastroides",0,"San_Cristobal",3,"amastroides",11,9
"355","sl14-04","amastroides",0,"San_Cristobal",3,"amastroides",11,9
"356","sl14-04","amastroides",0,"San_Cristobal",3,"amastroides",11,9
"357","sl14-04","amastroides",0,"San_Cristobal",3,"amastroides",11,9
"358","sl14-04","amastroides",0,"San_Cristobal",3,"amastroides",11,9
"359","sl14-04","amastroides",0,"San_Cristobal",3,"amastroides",11,9
"360","sl14-04","amastroides",0,"San_Cristobal",3,"amastroides",11,9
"361","sl14-04","amastroides",0,"San_Cristobal",3,"amastroides",11,9
"362","sl14-04","amastroides",0,"San_Cristobal",3,"amastroides",11,9
"363","sl14-04","amastroides",2,"San_Cristobal",3,"amastroides",11,9
"364","sl14-04","amastroides",1,"San_Cristobal",3,"amastroides",11,9
"365","sl14-04","amastroides",4,"San_Cristobal",3,"amastroides",11,9
"366","sl14-04","amastroides",1,"San_Cristobal",3,"amastroides",11,9
"367","sl14-04","amastroides",7,"San_Cristobal",3,"amastroides",11,9
"368","sl14-04","amastroides",2,"San_Cristobal",3,"amastroides",11,9
"369","sl14-04","amastroides",0,"San_Cristobal",3,"amastroides",11,9
"370","sl14-04","amastroides",0,"San_Cristobal",3,"amastroides",11,9
"371","sl14-04","amastroides",0,"San_Cristobal",3,"amastroides",11,9
"372","sl14-04","amastroides",0,"San_Cristobal",3,"amastroides",11,9
"373","sl14-04","amastroides",0,"San_Cristobal",3,"amastroides",11,9
"374","sl14-04","amastroides",0,"San_Cristobal",3,"amastroides",11,9
"375","sl14-04","amastroides",0,"San_Cristobal",3,"amastroides",11,9
"376","sl14-04","amastroides",0,"San_Cristobal",3,"amastroides",11,9
"377","sl14-04","amastroides",0,"San_Cristobal",3,"amastroides",11,9
"378","sl14-04","amastroides",0,"San_Cristobal",3,"amastroides",11,9
"379","sl14-04","amastroides",0,"San_Cristobal",3,"amastroides",11,9
"380","sl14-04","amastroides",0,"San_Cristobal",3,"amastroides",11,9
"381","sl14-04","amastroides",0,"San_Cristobal",3,"amastroides",11,9
"382","sl14-04","amastroides",0,"San_Cristobal",3,"amastroides",11,9
"383","sl14-04","amastroides",0,"San_Cristobal",3,"amastroides",11,9
"384","sl14-04","amastroides",1,"San_Cristobal",3,"amastroides",11,9
"385","sl14-04","amastroides",2,"San_Cristobal",3,"amastroides",11,9
"386","sl14-04","amastroides",3,"San_Cristobal",3,"amastroides",11,9
"387","SL17-13","amastroides",4,"San_Cristobal",3,"amastroides",11,9
"388","SL17-13","amastroides",0,"San_Cristobal",3,"amastroides",11,9
"389","SL17-13","amastroides",0,"San_Cristobal",3,"amastroides",11,9
"390","SL17-13","amastroides",0,"San_Cristobal",3,"amastroides",11,9
"391","SL17-13","amastroides",0,"San_Cristobal",3,"amastroides",11,9
"392","SL17-13","amastroides",0,"San_Cristobal",3,"amastroides",11,9
"393","SL17-13","amastroides",0,"San_Cristobal",3,"amastroides",11,9
"394","SL17-13","amastroides",0,"San_Cristobal",3,"amastroides",11,9
"395","SL17-13","basiplicatus",8,"San_Cristobal",5,"basiplicatus",11,9
"396","SL17-13","basiplicatus",2,"San_Cristobal",5,"basiplicatus",11,9
"397","SL17-13","basiplicatus",1,"San_Cristobal",5,"basiplicatus",11,9
"398","SL17-13","basiplicatus",2,"San_Cristobal",5,"basiplicatus",11,9
"399","SL17-13","basiplicatus",5,"San_Cristobal",5,"basiplicatus",11,9
"400","sl14","basiplicatus",1,"San_Cristobal",5,"basiplicatus",11,9
"401","sl14","basiplicatus",2,"San_Cristobal",5,"basiplicatus",11,9
"402","sl14","basiplicatus",0,"San_Cristobal",5,"basiplicatus",11,9
"403","sl14","basiplicatus",0,"San_Cristobal",5,"basiplicatus",11,9
"404","sl14","basiplicatus",0,"San_Cristobal",5,"basiplicatus",11,9
"405","sl-21-23","basiplicatus",0,"San_Cristobal",5,"basiplicatus",11,9
"406","sl-21-23","basiplicatus",0,"San_Cristobal",5,"basiplicatus",11,9
"407","sl-21-23","basiplicatus",0,"San_Cristobal",5,"basiplicatus",11,9
"408","sl-21-23","basiplicatus",0,"San_Cristobal",5,"basiplicatus",11,9
"409","sl-21-23","basiplicatus",0,"San_Cristobal",5,"basiplicatus",11,9
"410","sl-21-23","basiplicatus",0,"San_Cristobal",5,"basiplicatus",11,9
"411","sl-21-23","basiplicatus",0,"San_Cristobal",5,"basiplicatus",11,9
"412","sl-21-23","basiplicatus",0,"San_Cristobal",5,"basiplicatus",11,9
"413","sl-21-23","basiplicatus",0,"San_Cristobal",5,"basiplicatus",11,9
"414","sl-21-23","basiplicatus",0,"San_Cristobal",5,"basiplicatus",11,9
"415","sl-21-23","basiplicatus",0,"San_Cristobal",5,"basiplicatus",11,9
"416","sl-21-23","basiplicatus",0,"San_Cristobal",5,"basiplicatus",11,9
"417","sl14-03","basiplicatus",2,"San_Cristobal",5,"basiplicatus",11,9
"418","sl14-03","basiplicatus",3,"San_Cristobal",5,"basiplicatus",11,9
"419","sl14-03","basiplicatus",2,"San_Cristobal",5,"basiplicatus",11,9
"420","sl14-03","basiplicatus",0,"San_Cristobal",5,"basiplicatus",11,9
"421","sl14-03","basiplicatus",0,"San_Cristobal",5,"basiplicatus",11,9
"422","sl14-03","basiplicatus",0,"San_Cristobal",5,"basiplicatus",11,9
"423","sl14-03","basiplicatus",0,"San_Cristobal",5,"basiplicatus",11,9
"424","sl14-03","basiplicatus",0,"San_Cristobal",5,"basiplicatus",11,9
"425","sl14-03","basiplicatus",0,"San_Cristobal",5,"basiplicatus",11,9
"426","sl14-03","basiplicatus",2,"San_Cristobal",5,"basiplicatus",11,9
"427","sl14-03","basiplicatus",4,"San_Cristobal",5,"basiplicatus",11,9
"428","sl14-03","basiplicatus",2,"San_Cristobal",5,"basiplicatus",11,9
"429","sl14-03","basiplicatus",0,"San_Cristobal",5,"basiplicatus",11,9
"430","sl14-03","basiplicatus",0,"San_Cristobal",5,"basiplicatus",11,9
"431","sl14-03","basiplicatus",0,"San_Cristobal",5,"basiplicatus",11,9
"432","sl14-03","basiplicatus",0,"San_Cristobal",5,"basiplicatus",11,9
"433","sl14-03","basiplicatus",0,"San_Cristobal",5,"basiplicatus",11,9
"434","sl14-03","basiplicatus",0,"San_Cristobal",5,"basiplicatus",11,9
"435","sl14-03","basiplicatus",0,"San_Cristobal",5,"basiplicatus",11,9
"436","sl14-03","basiplicatus",0,"San_Cristobal",5,"basiplicatus",11,9
"437","sl17-08","eschariferus",1,"San_Cristobal",13,"eschariferus",11,9
"438","sl17-08","eschariferus",26,"San_Cristobal",13,"eschariferus",11,9
"439","sl17-08","eschariferus",2,"San_Cristobal",13,"eschariferus",11,9
"440","sl17-08","eschariferus",4,"San_Cristobal",13,"eschariferus",11,9
"441","sl17-08","eschariferus",26,"San_Cristobal",13,"eschariferus",11,9
"442","sl17-08","eschariferus",0,"San_Cristobal",13,"eschariferus",11,9
"443","sl17-08","eschariferus",0,"San_Cristobal",13,"eschariferus",11,9
"444","sl17-08","eschariferus",0,"San_Cristobal",13,"eschariferus",11,9
"445","sl17-08","eschariferus",0,"San_Cristobal",13,"eschariferus",11,9
"446","sl17-08","eschariferus",2,"San_Cristobal",13,"eschariferus",11,9
"447","sl17-08","eschariferus",4,"San_Cristobal",13,"eschariferus",11,9
"448","sl17-08","eschariferus",1,"San_Cristobal",13,"eschariferus",11,9
"449","sl17-08","eschariferus",0,"San_Cristobal",13,"eschariferus",11,9
"450","sl17-08","eschariferus",0,"San_Cristobal",13,"eschariferus",11,9
"451","sl17-08","eschariferus",0,"San_Cristobal",13,"eschariferus",11,9
"452","sl17-08","eschariferus",0,"San_Cristobal",13,"eschariferus",11,9
"453","sl17-08","eschariferus",0,"San_Cristobal",13,"eschariferus",11,9
"454","sl17-08","eschariferus",0,"San_Cristobal",13,"eschariferus",11,9
"455","sl17-08","eschariferus",0,"San_Cristobal",13,"eschariferus",11,9
"456","sl17-08","eschariferus",0,"San_Cristobal",13,"eschariferus",11,9
"457","sl17-08","eschariferus",0,"San_Cristobal",13,"eschariferus",11,9
"458","sl17-08","eschariferus",0,"San_Cristobal",13,"eschariferus",11,9
"459","sl17-08","eschariferus",0,"San_Cristobal",13,"eschariferus",11,9
"460","sl17-08","eschariferus",0,"San_Cristobal",13,"eschariferus",11,9
"461","sl17-08","eschariferus",0,"San_Cristobal",13,"eschariferus",11,9
"462","sl17-08","eschariferus",0,"San_Cristobal",13,"eschariferus",11,9
"463","sl17-08","eschariferus",0,"San_Cristobal",13,"eschariferus",11,9
"464","sl17-08","eschariferus",0,"San_Cristobal",13,"eschariferus",11,9
"465","sl17-08","eschariferus",0,"San_Cristobal",13,"eschariferus",11,9
"466","sl17-08","eschariferus",0,"San_Cristobal",13,"eschariferus",11,9
"467","sl17-08","eschariferus",0,"San_Cristobal",13,"eschariferus",11,9
"468","sl17-08","eschariferus",0,"San_Cristobal",13,"eschariferus",11,9
"469","sl17-08","eschariferus",0,"San_Cristobal",13,"eschariferus",11,9
"470","sl17-08","eschariferus",0,"San_Cristobal",13,"eschariferus",11,9
"471","sl17-08","eschariferus",0,"San_Cristobal",13,"eschariferus",11,9
"472","sl17-08","eschariferus",0,"San_Cristobal",13,"eschariferus",11,9
"473","sl17-08","eschariferus",0,"San_Cristobal",13,"eschariferus",11,9
"474","sl17-08","eschariferus",0,"San_Cristobal",13,"eschariferus",11,9
"475","sl17-08","eschariferus",0,"San_Cristobal",13,"eschariferus",11,9
"476","sl17-08","eschariferus",0,"San_Cristobal",13,"eschariferus",11,9
"477","sl17-08","eschariferus",0,"San_Cristobal",13,"eschariferus",11,9
"478","sl17-08","eschariferus",0,"San_Cristobal",13,"eschariferus",11,9
"479","sl17-08","eschariferus",0,"San_Cristobal",13,"eschariferus",11,9
"480","sl17-08","eschariferus",0,"San_Cristobal",13,"eschariferus",11,9
"481","sl17-08","eschariferus",2,"San_Cristobal",13,"eschariferus",11,9
"482","sl17-08","eschariferus",4,"San_Cristobal",13,"eschariferus",11,9
"483","sl17-08","eschariferus",1,"San_Cristobal",13,"eschariferus",11,9
"484","sl17-08","eschariferus",0,"San_Cristobal",13,"eschariferus",11,9
"485","sl17-08","eschariferus",0,"San_Cristobal",13,"eschariferus",11,9
"486","sl17-08","eschariferus",0,"San_Cristobal",13,"eschariferus",11,9
"487","sA02-02","darwini",10,"Santiago",11,"darwini",14,12
"488","sA02-02","darwini",4,"Santiago",11,"darwini",14,12
"489","sA02-02","darwini",10,"Santiago",11,"darwini",14,12
"490","sA02-02","darwini",0,"Santiago",11,"darwini",14,12
"491","sA02-02","darwini",0,"Santiago",11,"darwini",14,12
"492","sA02-02","darwini",0,"Santiago",11,"darwini",14,12
"493","sA02-02","darwini",0,"Santiago",11,"darwini",14,12
"494","sA02-02","darwini",0,"Santiago",11,"darwini",14,12
"495","sA02-02","darwini",0,"Santiago",11,"darwini",14,12
"496","sA02-02","darwini",0,"Santiago",11,"darwini",14,12
"497","sA02-02","darwini",0,"Santiago",11,"darwini",14,12
"498","sA02-02","darwini",0,"Santiago",11,"darwini",14,12
"499","sA31","darwini",12,"Santiago",11,"darwini",14,12
"500","sA31","darwini",4,"Santiago",11,"darwini",14,12
"501","sA31","darwini",13,"Santiago",11,"darwini",14,12
"502","sA31","darwini",1,"Santiago",11,"darwini",14,12
"503","sA31","darwini",11,"Santiago",11,"darwini",14,12
"504","sA31","darwini",2,"Santiago",11,"darwini",14,12
"505","sA31","darwini",0,"Santiago",11,"darwini",14,12
"506","sA31","darwini",0,"Santiago",11,"darwini",14,12
"507","sA31","darwini",0,"Santiago",11,"darwini",14,12
"508","sA31","darwini",0,"Santiago",11,"darwini",14,12
"509","sA31","darwini",0,"Santiago",11,"darwini",14,12
"510","sA01-05","darwini",0,"Santiago",11,"darwini",14,12
"511","sA01-05","darwini",0,"Santiago",11,"darwini",14,12
"512","sA01-05","darwini",0,"Santiago",11,"darwini",14,12
"513","sA01-05","darwini",0,"Santiago",11,"darwini",14,12
"514","sA01-05","darwini",0,"Santiago",11,"darwini",14,12
"515","sA01-05","darwini",0,"Santiago",11,"darwini",14,12
"516","sA02-02","darwini",1,"Santiago",11,"darwini",14,12
"517","sA02-02","darwini",1,"Santiago",11,"darwini",14,12
"518","sA02-02","darwini",1,"Santiago",11,"darwini",14,12
"519","sA02-02","darwini",1,"Santiago",11,"darwini",14,12
"520","sA02-02","darwini",0,"Santiago",11,"darwini",14,12
"521","sA02-02","darwini",0,"Santiago",11,"darwini",14,12
"522","sA02-02","darwini",0,"Santiago",11,"darwini",14,12
"523","sA02-02","darwini",0,"Santiago",11,"darwini",14,12
"524","sA02-02","darwini",0,"Santiago",11,"darwini",14,12
"525","sA02-02","darwini",0,"Santiago",11,"darwini",14,12
"526","sA02-02","darwini",0,"Santiago",11,"darwini",14,12
"527","sA02-02","darwini",0,"Santiago",11,"darwini",14,12
"528","sA02-02","darwini",0,"Santiago",11,"darwini",14,12
"529","sA02-02","darwini",0,"Santiago",11,"darwini",14,12
"530","sA02-02","darwini",0,"Santiago",11,"darwini",14,12
"531","sA02-02","darwini",0,"Santiago",11,"darwini",14,12
"532","sA02-02","darwini",0,"Santiago",11,"darwini",14,12
"533","sA02-02","darwini",0,"Santiago",11,"darwini",14,12
"534","sA02-02","darwini",0,"Santiago",11,"darwini",14,12
"535","sA02-02","darwini",0,"Santiago",11,"darwini",14,12
"536","sA02-02","darwini",0,"Santiago",11,"darwini",14,12
"537","sA02-02","darwini",0,"Santiago",11,"darwini",14,12
"538","sA-16-04","sculpturatus",6,"Santiago",33,"sculpturatus",14,12
"539","sA-16-04","sculpturatus",13,"Santiago",33,"sculpturatus",14,12
"540","sA-16-04","sculpturatus",2,"Santiago",33,"sculpturatus",14,12
"541","sA-16-04","sculpturatus",6,"Santiago",33,"sculpturatus",14,12
"542","sA-16-04","sculpturatus",1,"Santiago",33,"sculpturatus",14,12
"543","sA-16-04","sculpturatus",0,"Santiago",33,"sculpturatus",14,12
"544","sA-16-04","sculpturatus",0,"Santiago",33,"sculpturatus",14,12
"545","sA-16-04","sculpturatus",0,"Santiago",33,"sculpturatus",14,12
"546","sA-16-04","sculpturatus",0,"Santiago",33,"sculpturatus",14,12
"547","sA-16-04","sculpturatus",0,"Santiago",33,"sculpturatus",14,12
"548","sA-16-04","sculpturatus",0,"Santiago",33,"sculpturatus",14,12
"549","sA-16-04","sculpturatus",0,"Santiago",33,"sculpturatus",14,12
"550","sA-16-04","sculpturatus",0,"Santiago",33,"sculpturatus",14,12
"551","sA-16-04","sculpturatus",0,"Santiago",33,"sculpturatus",14,12
"552","sA-16-04","sculpturatus",0,"Santiago",33,"sculpturatus",14,12
"553","sA-16-04","sculpturatus",0,"Santiago",33,"sculpturatus",14,12
"554","sA-16-04","sculpturatus",0,"Santiago",33,"sculpturatus",14,12
"555","sA-16-04","sculpturatus",0,"Santiago",33,"sculpturatus",14,12
"556","sA-02-03","sculpturatus",1,"Santiago",33,"sculpturatus",14,12
"557","sA-02-03","sculpturatus",3,"Santiago",33,"sculpturatus",14,12
"558","sA-02-03","sculpturatus",7,"Santiago",33,"sculpturatus",14,12
"559","sA-02-03","sculpturatus",0,"Santiago",33,"sculpturatus",14,12
"560","sA-02-03","sculpturatus",16,"Santiago",33,"sculpturatus",14,12
"561","sA-02-03","sculpturatus",0,"Santiago",33,"sculpturatus",14,12
"562","sA-02-03","sculpturatus",0,"Santiago",33,"sculpturatus",14,12
"563","sA-02-03","sculpturatus",0,"Santiago",33,"sculpturatus",14,12
"564","sA-02-03","sculpturatus",0,"Santiago",33,"sculpturatus",14,12
"565","sA-02-03","sculpturatus",0,"Santiago",33,"sculpturatus",14,12
"566","sA-02-03","sculpturatus",0,"Santiago",33,"sculpturatus",14,12
"567","sA-02-03","sculpturatus",0,"Santiago",33,"sculpturatus",14,12
"568","sA-02-03","sculpturatus",0,"Santiago",33,"sculpturatus",14,12
"569","sA-02-03","sculpturatus",0,"Santiago",33,"sculpturatus",14,12
"570","sA-02-03","sculpturatus",0,"Santiago",33,"sculpturatus",14,12
"571","sA-02-03","sculpturatus",0,"Santiago",33,"sculpturatus",14,12
"572","sA-02-03","sculpturatus",0,"Santiago",33,"sculpturatus",14,12
"573","sA-02-03","sculpturatus",0,"Santiago",33,"sculpturatus",14,12
"574","sA-02-03","sculpturatus",0,"Santiago",33,"sculpturatus",14,12
"575","sA-02-03","sculpturatus",0,"Santiago",33,"sculpturatus",14,12
"576","sA-02-03","sculpturatus",0,"Santiago",33,"sculpturatus",14,12
"577","sA-02-03","sculpturatus",1,"Santiago",33,"sculpturatus",14,12
"578","sA-02-03","sculpturatus",5,"Santiago",33,"sculpturatus",14,12
"579","sA-02-03","sculpturatus",7,"Santiago",33,"sculpturatus",14,12
"580","sA-02-03","sculpturatus",3,"Santiago",33,"sculpturatus",14,12
"581","sA-02-03","sculpturatus",4,"Santiago",33,"sculpturatus",14,12
"582","sA-02-03","sculpturatus",0,"Santiago",33,"sculpturatus",14,12
"583","sA-02-03","sculpturatus",0,"Santiago",33,"sculpturatus",14,12
"584","sA-02-03","sculpturatus",0,"Santiago",33,"sculpturatus",14,12
"585","sA-02-03","sculpturatus",0,"Santiago",33,"sculpturatus",14,12
"586","sA-02-03","sculpturatus",0,"Santiago",33,"sculpturatus",14,12
"587","sA-02-03","sculpturatus",0,"Santiago",33,"sculpturatus",14,12
"588","sA-20-11","jacobinus",15,"Santiago",16,"jacobinus",14,12
"589","sA-20-11","jacobinus",23,"Santiago",16,"jacobinus",14,12
"590","sA-20-11","jacobinus",0,"Santiago",16,"jacobinus",14,12
"591","sA-20-11","jacobinus",0,"Santiago",16,"jacobinus",14,12
"592","sA-20-11","jacobinus",0,"Santiago",16,"jacobinus",14,12
"593","sA-20-11","jacobinus",0,"Santiago",16,"jacobinus",14,12
"594","sA-20-11","jacobinus",0,"Santiago",16,"jacobinus",14,12
"595","sA-20-11","jacobinus",0,"Santiago",16,"jacobinus",14,12
"596","sA-20-11","jacobinus",0,"Santiago",16,"jacobinus",14,12
"597","sA-20-11","jacobinus",0,"Santiago",16,"jacobinus",14,12
"598","sA-20-11","jacobinus",0,"Santiago",16,"jacobinus",14,12
"599","sA-20-11","jacobinus",0,"Santiago",16,"jacobinus",14,12
"600","sA-20-11","jacobinus",0,"Santiago",16,"jacobinus",14,12
"601","sA-20-11","jacobinus",0,"Santiago",16,"jacobinus",14,12
"602","sA-20-11","jacobinus",3,"Santiago",16,"jacobinus",14,12
"603","sA-16-03(19)","jacobinus",12,"Santiago",16,"jacobinus",14,12
"604","sA-16-03(19)","jacobinus",1,"Santiago",16,"jacobinus",14,12
"605","sA-16-03(19)","jacobinus",22,"Santiago",16,"jacobinus",14,12
"606","sA-16-03(19)","jacobinus",2,"Santiago",16,"jacobinus",14,12
"607","sA-16-03(19)","jacobinus",3,"Santiago",16,"jacobinus",14,12
"608","sA-16-03(19)","jacobinus",1,"Santiago",16,"jacobinus",14,12
"609","sA-16-03(19)","jacobinus",5,"Santiago",16,"jacobinus",14,12
"610","sA-16-03(19)","jacobinus",0,"Santiago",16,"jacobinus",14,12
"611","sA-16-03(19)","jacobinus",0,"Santiago",16,"jacobinus",14,12
"612","sA-16-03(19)","jacobinus",0,"Santiago",16,"jacobinus",14,12
"613","sA-16-03(19)","jacobinus",0,"Santiago",16,"jacobinus",14,12
"614","sA-16-03(19)","jacobinus",0,"Santiago",16,"jacobinus",14,12
"615","sA-16-03(19)","jacobinus",0,"Santiago",16,"jacobinus",14,12
"616","sA-16-03(19)","jacobinus",0,"Santiago",16,"jacobinus",14,12
"617","sA-20-09","jacobinus",8,"Santiago",16,"jacobinus",14,12
"618","sA-20-09","jacobinus",4,"Santiago",16,"jacobinus",14,12
"619","sA-20-09","jacobinus",20,"Santiago",16,"jacobinus",14,12
"620","sA-20-09","jacobinus",20,"Santiago",16,"jacobinus",14,12
"621","sA-20-09","jacobinus",5,"Santiago",16,"jacobinus",14,12
"622","sA-20-09","jacobinus",12,"Santiago",16,"jacobinus",14,12
"623","sA-20-09","jacobinus",8,"Santiago",16,"jacobinus",14,12
"624","sA-20-09","jacobinus",0,"Santiago",16,"jacobinus",14,12
"625","sA-20-09","jacobinus",0,"Santiago",16,"jacobinus",14,12
"626","sA-20-09","jacobinus",0,"Santiago",16,"jacobinus",14,12
"627","sA-20-09","jacobinus",0,"Santiago",16,"jacobinus",14,12
"628","sA-20-09","jacobinus",0,"Santiago",16,"jacobinus",14,12
"629","sA-20-09","jacobinus",0,"Santiago",16,"jacobinus",14,12
"630","sA-20-09","jacobinus",0,"Santiago",16,"jacobinus",14,12
"631","sA-20-09","jacobinus",0,"Santiago",16,"jacobinus",14,12
"632","sA-20-09","jacobinus",0,"Santiago",16,"jacobinus",14,12
"633","sA-20-09","jacobinus",0,"Santiago",16,"jacobinus",14,12
"634","sA-20-09","jacobinus",0,"Santiago",16,"jacobinus",14,12
"635","sA-20-09","jacobinus",0,"Santiago",16,"jacobinus",14,12
"636","sA-20-09","jacobinus",0,"Santiago",16,"jacobinus",14,12
"637","sA-20-09","jacobinus",0,"Santiago",16,"jacobinus",14,12
"638","sl05-01","perspectivus",38,"San_Cristobal",25,"perspectivus",11,9
"639","sl05-01","perspectivus",10,"San_Cristobal",25,"perspectivus",11,9
"640","sl05-01","perspectivus",20,"San_Cristobal",25,"perspectivus",11,9
"641","sl05-01","perspectivus",0,"San_Cristobal",25,"perspectivus",11,9
"642","sl05-01","perspectivus",0,"San_Cristobal",25,"perspectivus",11,9
"643","sl05-01","perspectivus",0,"San_Cristobal",25,"perspectivus",11,9
"644","sl05-01","perspectivus",0,"San_Cristobal",25,"perspectivus",11,9
"645","sl05-01","perspectivus",0,"San_Cristobal",25,"perspectivus",11,9
"646","sl05-01","perspectivus",0,"San_Cristobal",25,"perspectivus",11,9
"647","sl05-01","perspectivus",0,"San_Cristobal",25,"perspectivus",11,9
"648","sl05-01","perspectivus",0,"San_Cristobal",25,"perspectivus",11,9
"649","sl05-01","perspectivus",0,"San_Cristobal",25,"perspectivus",11,9
"650","sl05-01","perspectivus",0,"San_Cristobal",25,"perspectivus",11,9
"651","sl05-01","perspectivus",0,"San_Cristobal",25,"perspectivus",11,9
"652","sl05-01","perspectivus",0,"San_Cristobal",25,"perspectivus",11,9
"653","sl05-01","perspectivus",0,"San_Cristobal",25,"perspectivus",11,9
"654","sl05-01","perspectivus",3,"San_Cristobal",25,"perspectivus",11,9
"655","sl05-01","perspectivus",4,"San_Cristobal",25,"perspectivus",11,9
"656","sl05-01","perspectivus",2,"San_Cristobal",25,"perspectivus",11,9
"657","sl05-01","perspectivus",18,"San_Cristobal",25,"perspectivus",11,9
"658","sl05-01","perspectivus",0,"San_Cristobal",25,"perspectivus",11,9
"659","sl05-01","perspectivus",0,"San_Cristobal",25,"perspectivus",11,9
"660","sl05-01","perspectivus",0,"San_Cristobal",25,"perspectivus",11,9
"661","sl05-01","perspectivus",0,"San_Cristobal",25,"perspectivus",11,9
"662","sl05-01","perspectivus",0,"San_Cristobal",25,"perspectivus",11,9
"663","sl05-01","perspectivus",0,"San_Cristobal",25,"perspectivus",11,9
"664","sl05-01","perspectivus",0,"San_Cristobal",25,"perspectivus",11,9
"665","sl05-01","perspectivus",0,"San_Cristobal",25,"perspectivus",11,9
"666","sl05-01","perspectivus",0,"San_Cristobal",25,"perspectivus",11,9
"667","sl05-01","perspectivus",0,"San_Cristobal",25,"perspectivus",11,9
"668","sl05-01","perspectivus",30,"San_Cristobal",25,"perspectivus",11,9
"669","sl05-01","perspectivus",1,"San_Cristobal",25,"perspectivus",11,9
"670","sl05-01","perspectivus",1,"San_Cristobal",25,"perspectivus",11,9
"671","sl05-01","perspectivus",20,"San_Cristobal",25,"perspectivus",11,9
"672","sl05-01","perspectivus",20,"San_Cristobal",25,"perspectivus",11,9
"673","sl05-01","perspectivus",3,"San_Cristobal",25,"perspectivus",11,9
"674","sl05-01","perspectivus",50,"San_Cristobal",25,"perspectivus",11,9
"675","sl05-01","perspectivus",0,"San_Cristobal",25,"perspectivus",11,9
"676","sl05-01","perspectivus",0,"San_Cristobal",25,"perspectivus",11,9
"677","sl05-01","perspectivus",0,"San_Cristobal",25,"perspectivus",11,9
"678","sl05-01","perspectivus",0,"San_Cristobal",25,"perspectivus",11,9
"679","sl05-01","perspectivus",0,"San_Cristobal",25,"perspectivus",11,9
"680","sl05-01","perspectivus",0,"San_Cristobal",25,"perspectivus",11,9
"681","sl05-01","perspectivus",0,"San_Cristobal",25,"perspectivus",11,9
"682","sl05-01","perspectivus",0,"San_Cristobal",25,"perspectivus",11,9
"683","sl05-01","perspectivus",0,"San_Cristobal",25,"perspectivus",11,9
"684","sl05-01","perspectivus",0,"San_Cristobal",25,"perspectivus",11,9
"685","sl05-01","perspectivus",0,"San_Cristobal",25,"perspectivus",11,9
"686","sl05-01","perspectivus",0,"San_Cristobal",25,"perspectivus",11,9
"687","sl05-01","perspectivus",0,"San_Cristobal",25,"perspectivus",11,9
"688","sl05-062","nuciformis",5,"San_Cristobal",18,"nuciformis",11,9
"689","sl05-062","nuciformis",8,"San_Cristobal",18,"nuciformis",11,9
"690","sl05-062","nuciformis",5,"San_Cristobal",18,"nuciformis",11,9
"691","sl05-062","nuciformis",6,"San_Cristobal",18,"nuciformis",11,9
"692","sl05-062","nuciformis",0,"San_Cristobal",18,"nuciformis",11,9
"693","sl05-062","nuciformis",0,"San_Cristobal",18,"nuciformis",11,9
"694","sl05-062","nuciformis",0,"San_Cristobal",18,"nuciformis",11,9
"695","sl05-062","nuciformis",0,"San_Cristobal",18,"nuciformis",11,9
"696","sl05-062","nuciformis",0,"San_Cristobal",18,"nuciformis",11,9
"697","sl05-062","nuciformis",0,"San_Cristobal",18,"nuciformis",11,9
"698","sl05-062","nuciformis",0,"San_Cristobal",18,"nuciformis",11,9
"699","sl05-062","nuciformis",0,"San_Cristobal",18,"nuciformis",11,9
"700","sl05-062","nuciformis",0,"San_Cristobal",18,"nuciformis",11,9
"701","sl05-062","nuciformis",0,"San_Cristobal",18,"nuciformis",11,9
"702","sl05-05","nuciformis",12,"San_Cristobal",18,"nuciformis",11,9
"703","sl05-05","nuciformis",11,"San_Cristobal",18,"nuciformis",11,9
"704","sl05-05","nuciformis",100,"San_Cristobal",18,"nuciformis",11,9
"705","sl05-05","nuciformis",4,"San_Cristobal",18,"nuciformis",11,9
"706","sl05-05","nuciformis",3,"San_Cristobal",18,"nuciformis",11,9
"707","sl05-05","nuciformis",36,"San_Cristobal",18,"nuciformis",11,9
"708","sl05-05","nuciformis",0,"San_Cristobal",18,"nuciformis",11,9
"709","sl05-05","nuciformis",0,"San_Cristobal",18,"nuciformis",11,9
"710","sl05-05","nuciformis",0,"San_Cristobal",18,"nuciformis",11,9
"711","sl05-05","nuciformis",0,"San_Cristobal",18,"nuciformis",11,9
"712","sl05-05","nuciformis",0,"San_Cristobal",18,"nuciformis",11,9
"713","sl05-05","nuciformis",0,"San_Cristobal",18,"nuciformis",11,9
"714","sl05-06","nuciformis",100,"San_Cristobal",18,"nuciformis",11,9
"715","sl05-06","nuciformis",100,"San_Cristobal",18,"nuciformis",11,9
"716","sl05-06","nuciformis",6,"San_Cristobal",18,"nuciformis",11,9
"717","sl05-06","nuciformis",1,"San_Cristobal",18,"nuciformis",11,9
"718","sl05-06","nuciformis",3,"San_Cristobal",18,"nuciformis",11,9
"719","sl05-06","nuciformis",1,"San_Cristobal",18,"nuciformis",11,9
"720","sl05-06","nuciformis",2,"San_Cristobal",18,"nuciformis",11,9
"721","sl05-06","nuciformis",100,"San_Cristobal",18,"nuciformis",11,9
"722","sl05-06","nuciformis",5,"San_Cristobal",18,"nuciformis",11,9
"723","sl05-06","nuciformis",1,"San_Cristobal",18,"nuciformis",11,9
"724","sl05-06","nuciformis",10,"San_Cristobal",18,"nuciformis",11,9
"725","sl05-06","nuciformis",100,"San_Cristobal",18,"nuciformis",11,9
"726","sl05-06","nuciformis",24,"San_Cristobal",18,"nuciformis",11,9
"727","sl05-06","nuciformis",0,"San_Cristobal",18,"nuciformis",11,9
"728","sl05-06","nuciformis",0,"San_Cristobal",18,"nuciformis",11,9
"729","sl05-06","nuciformis",0,"San_Cristobal",18,"nuciformis",11,9
"730","sl05-06","nuciformis",0,"San_Cristobal",18,"nuciformis",11,9
"731","sl05-06","nuciformis",0,"San_Cristobal",18,"nuciformis",11,9
"732","sl05-06","nuciformis",0,"San_Cristobal",18,"nuciformis",11,9
"733","sl05-06","nuciformis",3,"San_Cristobal",18,"nuciformis",11,9
"734","sl05-06","nuciformis",0,"San_Cristobal",18,"nuciformis",11,9
"735","sl05-06","nuciformis",0,"San_Cristobal",18,"nuciformis",11,9
"736","sl05-06","nuciformis",0,"San_Cristobal",18,"nuciformis",11,9
"737","sl05-06","nuciformis",0,"San_Cristobal",18,"nuciformis",11,9
"738","sl19-02","bauri",3,"San_Cristobal",6,"bauri",11,9
"739","sl19-02","bauri",42,"San_Cristobal",6,"bauri",11,9
"740","sl19-02","bauri",4,"San_Cristobal",6,"bauri",11,9
"741","sl19-02","bauri",5,"San_Cristobal",6,"bauri",11,9
"742","sl19-02","bauri",3,"San_Cristobal",6,"bauri",11,9
"743","sl19-02","bauri",1,"San_Cristobal",6,"bauri",11,9
"744","sl19-02","bauri",9,"San_Cristobal",6,"bauri",11,9
"745","sl19-02","bauri",1,"San_Cristobal",6,"bauri",11,9
"746","sl19-02","bauri",11,"San_Cristobal",6,"bauri",11,9
"747","sl19-02","bauri",4,"San_Cristobal",6,"bauri",11,9
"748","sl19-02","bauri",2,"San_Cristobal",6,"bauri",11,9
"749","sl19-02","bauri",0,"San_Cristobal",6,"bauri",11,9
"750","sl19-02","bauri",0,"San_Cristobal",6,"bauri",11,9
"751","sl19-02","bauri",0,"San_Cristobal",6,"bauri",11,9
"752","sl19-02","bauri",0,"San_Cristobal",6,"bauri",11,9
"753","sl19-02","bauri",0,"San_Cristobal",6,"bauri",11,9
"754","sl19-02","bauri",0,"San_Cristobal",6,"bauri",11,9
"755","sl19-02","bauri",0,"San_Cristobal",6,"bauri",11,9
"756","sl19-02","bauri",0,"San_Cristobal",6,"bauri",11,9
"757","sl19-02","bauri",0,"San_Cristobal",6,"bauri",11,9
"758","sl19-02","bauri",0,"San_Cristobal",6,"bauri",11,9
"759","sl19-02","bauri",0,"San_Cristobal",6,"bauri",11,9
"760","sl19-02","bauri",0,"San_Cristobal",6,"bauri",11,9
"761","sl19-02","bauri",0,"San_Cristobal",6,"bauri",11,9
"762","sl19-02","bauri",0,"San_Cristobal",6,"bauri",11,9
"763","sl17-05","bauri",1,"San_Cristobal",6,"bauri",11,9
"764","sl17-05","bauri",2,"San_Cristobal",6,"bauri",11,9
"765","sl17-05","bauri",0,"San_Cristobal",6,"bauri",11,9
"766","sl17-05","bauri",0,"San_Cristobal",6,"bauri",11,9
"767","sl17-05","bauri",0,"San_Cristobal",6,"bauri",11,9
"768","sl17-05","bauri",0,"San_Cristobal",6,"bauri",11,9
"769","sl17-05","bauri",0,"San_Cristobal",6,"bauri",11,9
"770","sl17-05","bauri",0,"San_Cristobal",6,"bauri",11,9
"771","sl17-05","bauri",0,"San_Cristobal",6,"bauri",11,9
"772","sl17-05","bauri",0,"San_Cristobal",6,"bauri",11,9
"773","sl17-05","bauri",0,"San_Cristobal",6,"bauri",11,9
"774","sl17-05","bauri",0,"San_Cristobal",6,"bauri",11,9
"775","sl17-05","bauri",0,"San_Cristobal",6,"bauri",11,9
"776","sl17-05","bauri",0,"San_Cristobal",6,"bauri",11,9
"777","sl17-05","bauri",0,"San_Cristobal",6,"bauri",11,9
"778","sl19-02","bauri",2,"San_Cristobal",6,"bauri",11,9
"779","sl19-02","bauri",1,"San_Cristobal",6,"bauri",11,9
"780","sl19-02","bauri",2,"San_Cristobal",6,"bauri",11,9
"781","sl19-02","bauri",23,"San_Cristobal",6,"bauri",11,9
"782","sl19-02","bauri",3,"San_Cristobal",6,"bauri",11,9
"783","sl19-02","bauri",3,"San_Cristobal",6,"bauri",11,9
"784","sl19-02","bauri",18,"San_Cristobal",6,"bauri",11,9
"785","sl19-02","bauri",0,"San_Cristobal",6,"bauri",11,9
"786","sl19-02","bauri",0,"San_Cristobal",6,"bauri",11,9
"787","sl19-02","bauri",0,"San_Cristobal",6,"bauri",11,9
"788","sl05-04","chemnitzioides",0,"San_Cristobal",10,"chemnitzioides",11,9
"789","sl05-04","chemnitzioides",0,"San_Cristobal",10,"chemnitzioides",11,9
"790","sl05-04","chemnitzioides",0,"San_Cristobal",10,"chemnitzioides",11,9
"791","sl05-04","chemnitzioides",0,"San_Cristobal",10,"chemnitzioides",11,9
"792","sl05-04","chemnitzioides",0,"San_Cristobal",10,"chemnitzioides",11,9
"793","sl05-04","chemnitzioides",0,"San_Cristobal",10,"chemnitzioides",11,9
"794","sl05-04","chemnitzioides",0,"San_Cristobal",10,"chemnitzioides",11,9
"795","sl05-04","chemnitzioides",0,"San_Cristobal",10,"chemnitzioides",11,9
"796","sl05-04","chemnitzioides",0,"San_Cristobal",10,"chemnitzioides",11,9
"797","sl05-04","chemnitzioides",0,"San_Cristobal",10,"chemnitzioides",11,9
"798","sl05-04","chemnitzioides",0,"San_Cristobal",10,"chemnitzioides",11,9
"799","sl05-04","chemnitzioides",0,"San_Cristobal",10,"chemnitzioides",11,9
"800","sl05-04","chemnitzioides",0,"San_Cristobal",10,"chemnitzioides",11,9
"801","sl05-04","chemnitzioides",0,"San_Cristobal",10,"chemnitzioides",11,9
"802","sl05-04","chemnitzioides",0,"San_Cristobal",10,"chemnitzioides",11,9
"803","sl05-04","chemnitzioides",0,"San_Cristobal",10,"chemnitzioides",11,9
"804","sl05-04","chemnitzioides",0,"San_Cristobal",10,"chemnitzioides",11,9
"805","sl05-04","chemnitzioides",0,"San_Cristobal",10,"chemnitzioides",11,9
"806","sl05-04","chemnitzioides",0,"San_Cristobal",10,"chemnitzioides",11,9
"807","sl05-04","chemnitzioides",0,"San_Cristobal",10,"chemnitzioides",11,9
"808","sl05-04","chemnitzioides",0,"San_Cristobal",10,"chemnitzioides",11,9
"809","sl05-04","chemnitzioides",0,"San_Cristobal",10,"chemnitzioides",11,9
"810","sl05-04","chemnitzioides",0,"San_Cristobal",10,"chemnitzioides",11,9
"811","sl17-02","chemnitzioides",40,"San_Cristobal",10,"chemnitzioides",11,9
"812","sl17-02","chemnitzioides",7,"San_Cristobal",10,"chemnitzioides",11,9
"813","sl17-02","chemnitzioides",4,"San_Cristobal",10,"chemnitzioides",11,9
"814","sl17-02","chemnitzioides",50,"San_Cristobal",10,"chemnitzioides",11,9
"815","sl17-02","chemnitzioides",0,"San_Cristobal",10,"chemnitzioides",11,9
"816","sl17-02","chemnitzioides",0,"San_Cristobal",10,"chemnitzioides",11,9
"817","sl17-02","chemnitzioides",0,"San_Cristobal",10,"chemnitzioides",11,9
"818","sl17-02","chemnitzioides",0,"San_Cristobal",10,"chemnitzioides",11,9
"819","sl17-02","chemnitzioides",0,"San_Cristobal",10,"chemnitzioides",11,9
"820","sl17-02","chemnitzioides",0,"San_Cristobal",10,"chemnitzioides",11,9
"821","sl17-02","chemnitzioides",0,"San_Cristobal",10,"chemnitzioides",11,9
"822","sl17-02","chemnitzioides",0,"San_Cristobal",10,"chemnitzioides",11,9
"823","sl17-02","chemnitzioides",0,"San_Cristobal",10,"chemnitzioides",11,9
"824","sl17-02","chemnitzioides",0,"San_Cristobal",10,"chemnitzioides",11,9
"825","sl17-02","chemnitzioides",0,"San_Cristobal",10,"chemnitzioides",11,9
"826","sl17-02","chemnitzioides",0,"San_Cristobal",10,"chemnitzioides",11,9
"827","sl17-02","chemnitzioides",0,"San_Cristobal",10,"chemnitzioides",11,9
"828","sl17-02","chemnitzioides",0,"San_Cristobal",10,"chemnitzioides",11,9
"829","sl05-01","chemnitzioides",0,"San_Cristobal",10,"chemnitzioides",11,9
"830","sl05-01","chemnitzioides",0,"San_Cristobal",10,"chemnitzioides",11,9
"831","sl05-01","chemnitzioides",0,"San_Cristobal",10,"chemnitzioides",11,9
"832","sl05-01","chemnitzioides",0,"San_Cristobal",10,"chemnitzioides",11,9
"833","sl05-01","chemnitzioides",0,"San_Cristobal",10,"chemnitzioides",11,9
"834","sl05-01","chemnitzioides",0,"San_Cristobal",10,"chemnitzioides",11,9
"835","sl05-01","chemnitzioides",0,"San_Cristobal",10,"chemnitzioides",11,9
"836","sl05-01","chemnitzioides",0,"San_Cristobal",10,"chemnitzioides",11,9
"837","sl05-01","chemnitzioides",0,"San_Cristobal",10,"chemnitzioides",11,9
"838","DA15-10","spp1",4,"Isabela",36,"sp. nov. Darwin",6,5
"839","DA15-10","spp1",1,"Isabela",36,"sp. nov. Darwin",6,5
"840","DA15-10","spp1",3,"Isabela",36,"sp. nov. Darwin",6,5
"841","DA15-10","spp1",3,"Isabela",36,"sp. nov. Darwin",6,5
"842","DA15-10","spp1",3,"Isabela",36,"sp. nov. Darwin",6,5
"843","DA15-10","spp1",1,"Isabela",36,"sp. nov. Darwin",6,5
"844","DA15-10","spp1",0,"Isabela",36,"sp. nov. Darwin",6,5
"845","DA15-10","spp1",0,"Isabela",36,"sp. nov. Darwin",6,5
"846","DA15-10","spp1",0,"Isabela",36,"sp. nov. Darwin",6,5
"847","DA15-10","spp1",0,"Isabela",36,"sp. nov. Darwin",6,5
"848","DA15-10","spp1",0,"Isabela",36,"sp. nov. Darwin",6,5
"849","DA15-10","spp1",0,"Isabela",36,"sp. nov. Darwin",6,5
"850","DA15-10","spp1",0,"Isabela",36,"sp. nov. Darwin",6,5
"851","DA15-10","spp1",0,"Isabela",36,"sp. nov. Darwin",6,5
"852","DA15-10","spp1",0,"Isabela",36,"sp. nov. Darwin",6,5
"853","DA15-10","spp1",0,"Isabela",36,"sp. nov. Darwin",6,5
"854","DA15-10","spp1",0,"Isabela",36,"sp. nov. Darwin",6,5
"855","DA15-10","spp1",0,"Isabela",36,"sp. nov. Darwin",6,5
"856","DA15-10","spp1",0,"Isabela",36,"sp. nov. Darwin",6,5
"857","DA15-10","spp1",0,"Isabela",36,"sp. nov. Darwin",6,5
"858","DA15-10","spp1",1,"Isabela",36,"sp. nov. Darwin",6,5
"859","DA15-10","spp1",1,"Isabela",36,"sp. nov. Darwin",6,5
"860","DA15-10","spp1",2,"Isabela",36,"sp. nov. Darwin",6,5
"861","DA15-10","spp1",0,"Isabela",36,"sp. nov. Darwin",6,5
"862","DA15-10","spp1",0,"Isabela",36,"sp. nov. Darwin",6,5
"863","DA15-10","spp1",0,"Isabela",36,"sp. nov. Darwin",6,5
"864","DA15-10","spp1",0,"Isabela",36,"sp. nov. Darwin",6,5
"865","DA15-10","spp1",0,"Isabela",36,"sp. nov. Darwin",6,5
"866","DA15-10","spp1",0,"Isabela",36,"sp. nov. Darwin",6,5
"867","DA15-10","spp1",0,"Isabela",36,"sp. nov. Darwin",6,5
"868","DA15-10","spp1",0,"Isabela",36,"sp. nov. Darwin",6,5
"869","DA15-10","spp1",0,"Isabela",36,"sp. nov. Darwin",6,5
"870","DA15-10","spp1",0,"Isabela",36,"sp. nov. Darwin",6,5
"871","DA15-10","spp1",0,"Isabela",36,"sp. nov. Darwin",6,5
"872","DA15-10","spp1",2,"Isabela",36,"sp. nov. Darwin",6,5
"873","DA15-10","spp1",0,"Isabela",36,"sp. nov. Darwin",6,5
"874","DA15-10","spp1",0,"Isabela",36,"sp. nov. Darwin",6,5
"875","DA15-10","spp1",0,"Isabela",36,"sp. nov. Darwin",6,5
"876","DA15-10","spp1",0,"Isabela",36,"sp. nov. Darwin",6,5
"877","DA15-10","spp1",0,"Isabela",36,"sp. nov. Darwin",6,5
"878","DA15-10","spp1",0,"Isabela",36,"sp. nov. Darwin",6,5
"879","DA15-10","spp1",0,"Isabela",36,"sp. nov. Darwin",6,5
"880","DA15-10","spp1",0,"Isabela",36,"sp. nov. Darwin",6,5
"881","DA15-10","spp1",0,"Isabela",36,"sp. nov. Darwin",6,5
"882","DA15-10","spp1",0,"Isabela",36,"sp. nov. Darwin",6,5
"883","DA15-10","spp1",0,"Isabela",36,"sp. nov. Darwin",6,5
"884","DA15-10","spp1",0,"Isabela",36,"sp. nov. Darwin",6,5
"885","DA15-10","spp1",0,"Isabela",36,"sp. nov. Darwin",6,5
"886","DA15-10","spp1",0,"Isabela",36,"sp. nov. Darwin",6,5
"887","DA15-10","spp1",0,"Isabela",36,"sp. nov. Darwin",6,5
"888","WF19-13","spp2",4,"Isabela",39,"sp. nov. Wolf",6,5
"889","WF19-13","spp2",2,"Isabela",39,"sp. nov. Wolf",6,5
"890","WF19-13","spp2",1,"Isabela",39,"sp. nov. Wolf",6,5
"891","WF19-13","spp2",2,"Isabela",39,"sp. nov. Wolf",6,5
"892","WF19-13","spp2",20,"Isabela",39,"sp. nov. Wolf",6,5
"893","WF19-13","spp2",0,"Isabela",39,"sp. nov. Wolf",6,5
"894","WF19-13","spp2",0,"Isabela",39,"sp. nov. Wolf",6,5
"895","WF19-13","spp2",0,"Isabela",39,"sp. nov. Wolf",6,5
"896","WF19-13","spp2",0,"Isabela",39,"sp. nov. Wolf",6,5
"897","WF19-13","spp2",0,"Isabela",39,"sp. nov. Wolf",6,5
"898","WF19-13","spp2",0,"Isabela",39,"sp. nov. Wolf",6,5
"899","WF19-13","spp2",0,"Isabela",39,"sp. nov. Wolf",6,5
"900","WF19-13","spp2",0,"Isabela",39,"sp. nov. Wolf",6,5
"901","WF19-13","spp2",0,"Isabela",39,"sp. nov. Wolf",6,5
"902","WF19-13","spp2",0,"Isabela",39,"sp. nov. Wolf",6,5
"903","WF19-13","spp2",0,"Isabela",39,"sp. nov. Wolf",6,5
"904","WF19-13","spp2",100,"Isabela",39,"sp. nov. Wolf",6,5
"905","WF19-13","spp2",50,"Isabela",39,"sp. nov. Wolf",6,5
"906","WF19-13","spp2",80,"Isabela",39,"sp. nov. Wolf",6,5
"907","WF19-13","spp2",23,"Isabela",39,"sp. nov. Wolf",6,5
"908","WF19-13","spp2",3,"Isabela",39,"sp. nov. Wolf",6,5
"909","WF19-13","spp2",50,"Isabela",39,"sp. nov. Wolf",6,5
"910","WF19-13","spp2",11,"Isabela",39,"sp. nov. Wolf",6,5
"911","WF19-13","spp2",20,"Isabela",39,"sp. nov. Wolf",6,5
"912","WF19-13","spp2",14,"Isabela",39,"sp. nov. Wolf",6,5
"913","WF19-13","spp2",3,"Isabela",39,"sp. nov. Wolf",6,5
"914","WF19-13","spp2",21,"Isabela",39,"sp. nov. Wolf",6,5
"915","WF19-13","spp2",24,"Isabela",39,"sp. nov. Wolf",6,5
"916","WF19-13","spp2",42,"Isabela",39,"sp. nov. Wolf",6,5
"917","WF19-13","spp2",3,"Isabela",39,"sp. nov. Wolf",6,5
"918","WF19-13","spp2",28,"Isabela",39,"sp. nov. Wolf",6,5
"919","WF19-13","spp2",40,"Isabela",39,"sp. nov. Wolf",6,5
"920","WF19-13","spp2",45,"Isabela",39,"sp. nov. Wolf",6,5
"921","WF19-13","spp2",0,"Isabela",39,"sp. nov. Wolf",6,5
"922","WF19-13","spp2",0,"Isabela",39,"sp. nov. Wolf",6,5
"923","WF19-13","spp2",0,"Isabela",39,"sp. nov. Wolf",6,5
"924","WF19-08","spp2",100,"Isabela",39,"sp. nov. Wolf",6,5
"925","WF19-08","spp2",2,"Isabela",39,"sp. nov. Wolf",6,5
"926","WF19-08","spp2",35,"Isabela",39,"sp. nov. Wolf",6,5
"927","WF19-08","spp2",100,"Isabela",39,"sp. nov. Wolf",6,5
"928","WF19-08","spp2",10,"Isabela",39,"sp. nov. Wolf",6,5
"929","WF19-08","spp2",20,"Isabela",39,"sp. nov. Wolf",6,5
"930","WF19-08","spp2",3,"Isabela",39,"sp. nov. Wolf",6,5
"931","WF19-08","spp2",80,"Isabela",39,"sp. nov. Wolf",6,5
"932","WF19-08","spp2",56,"Isabela",39,"sp. nov. Wolf",6,5
"933","WF19-08","spp2",2,"Isabela",39,"sp. nov. Wolf",6,5
"934","WF19-08","spp2",1,"Isabela",39,"sp. nov. Wolf",6,5
"935","WF19-08","spp2",3,"Isabela",39,"sp. nov. Wolf",6,5
"936","WF19-08","spp2",100,"Isabela",39,"sp. nov. Wolf",6,5
"937","WF19-08","spp2",0,"Isabela",39,"sp. nov. Wolf",6,5
"938","WF19-08","spp2",0,"Isabela",39,"sp. nov. Wolf",6,5
"939","AL05-10","spp3",3,"Isabela",23,"pallidus",6,5
"940","AL05-10","spp3",6,"Isabela",23,"pallidus",6,5
"941","AL05-10","spp3",6,"Isabela",23,"pallidus",6,5
"942","AL05-10","spp3",21,"Isabela",23,"pallidus",6,5
"943","AL05-10","spp3",3,"Isabela",23,"pallidus",6,5
"944","AL05-10","spp3",1,"Isabela",23,"pallidus",6,5
"945","AL05-10","spp3",65,"Isabela",23,"pallidus",6,5
"946","AL05-10","spp3",0,"Isabela",23,"pallidus",6,5
"947","AL05-10","spp3",0,"Isabela",23,"pallidus",6,5
"948","AL05-10","spp3",0,"Isabela",23,"pallidus",6,5
"949","AL05-10","spp3",0,"Isabela",23,"pallidus",6,5
"950","AL05-10","spp3",0,"Isabela",23,"pallidus",6,5
"951","AL05-10","spp3",0,"Isabela",23,"pallidus",6,5
"952","AL05-10","spp3",0,"Isabela",23,"pallidus",6,5
"953","AL05-10","spp3",0,"Isabela",23,"pallidus",6,5
"954","AL05-10","spp3",0,"Isabela",23,"pallidus",6,5
"955","AL05-23","spp3",8,"Isabela",23,"pallidus",6,5
"956","AL05-23","spp3",1,"Isabela",23,"pallidus",6,5
"957","AL05-23","spp3",20,"Isabela",23,"pallidus",6,5
"958","AL05-23","spp3",20,"Isabela",23,"pallidus",6,5
"959","AL05-23","spp3",1,"Isabela",23,"pallidus",6,5
"960","AL05-23","spp3",11,"Isabela",23,"pallidus",6,5
"961","AL05-23","spp3",35,"Isabela",23,"pallidus",6,5
"962","AL05-23","spp3",19,"Isabela",23,"pallidus",6,5
"963","AL05-23","spp3",2,"Isabela",23,"pallidus",6,5
"964","AL05-23","spp3",100,"Isabela",23,"pallidus",6,5
"965","AL05-23","spp3",100,"Isabela",23,"pallidus",6,5
"966","AL05-23","spp3",1,"Isabela",23,"pallidus",6,5
"967","AL05-23","spp3",2,"Isabela",23,"pallidus",6,5
"968","AL05-23","spp3",10,"Isabela",23,"pallidus",6,5
"969","AL05-23","spp3",6,"Isabela",23,"pallidus",6,5
"970","AL05-23","spp3",2,"Isabela",23,"pallidus",6,5
"971","AL05-23","spp3",5,"Isabela",23,"pallidus",6,5
"972","AL05-23","spp3",0,"Isabela",23,"pallidus",6,5
"973","AL05-23","spp3",0,"Isabela",23,"pallidus",6,5
"974","AL05-23","spp3",0,"Isabela",23,"pallidus",6,5
"975","AL05-23","spp3",0,"Isabela",23,"pallidus",6,5
"976","AL05-23","spp3",0,"Isabela",23,"pallidus",6,5
"977","AL05-23","spp3",0,"Isabela",23,"pallidus",6,5
"978","AL05-23","spp3",0,"Isabela",23,"pallidus",6,5
"979","AL05-23","spp3",0,"Isabela",23,"pallidus",6,5
"980","AL05-23","spp3",1,"Isabela",23,"pallidus",6,5
"981","AL05-23","spp3",1,"Isabela",23,"pallidus",6,5
"982","AL05-23","spp3",1,"Isabela",23,"pallidus",6,5
"983","AL05-23","spp3",3,"Isabela",23,"pallidus",6,5
"984","AL05-23","spp3",3,"Isabela",23,"pallidus",6,5
"985","AL05-23","spp3",7,"Isabela",23,"pallidus",6,5
"986","AL05-23","spp3",0,"Isabela",23,"pallidus",6,5
"987","AL05-23","spp3",0,"Isabela",23,"pallidus",6,5
"988","AL05-23","spp3",3,"Isabela",23,"pallidus",6,5
"989","FA02","spp4",1,"Fernandina",24,"perrus",2,2
"990","FA02","spp4",1,"Fernandina",24,"perrus",2,2
"991","FA02","spp4",5,"Fernandina",24,"perrus",2,2
"992","FA02","spp4",9,"Fernandina",24,"perrus",2,2
"993","FA02","spp4",2,"Fernandina",24,"perrus",2,2
"994","FA02","spp4",0,"Fernandina",24,"perrus",2,2
"995","FA02","spp4",0,"Fernandina",24,"perrus",2,2
"996","FA02","spp4",0,"Fernandina",24,"perrus",2,2
"997","FA02","spp4",0,"Fernandina",24,"perrus",2,2
"998","FA02","spp4",0,"Fernandina",24,"perrus",2,2
"999","FA02","spp4",0,"Fernandina",24,"perrus",2,2
"1000","FA02","spp4",0,"Fernandina",24,"perrus",2,2
"1001","FA02","spp4",0,"Fernandina",24,"perrus",2,2
"1002","FA02","spp4",0,"Fernandina",24,"perrus",2,2
"1003","FA02","spp4",0,"Fernandina",24,"perrus",2,2
"1004","FA02","spp4",0,"Fernandina",24,"perrus",2,2
"1005","FA02","spp4",0,"Fernandina",24,"perrus",2,2
"1006","FA02","spp4",0,"Fernandina",24,"perrus",2,2
"1007","FA02","spp4",0,"Fernandina",24,"perrus",2,2
"1008","FA02","spp4",1,"Fernandina",24,"perrus",2,2
"1009","FA02","spp4",71,"Fernandina",24,"perrus",2,2
"1010","FA02","spp4",13,"Fernandina",24,"perrus",2,2
"1011","FA02","spp4",11,"Fernandina",24,"perrus",2,2
"1012","FA02","spp4",0,"Fernandina",24,"perrus",2,2
"1013","FA02","spp4",0,"Fernandina",24,"perrus",2,2
"1014","FA02","spp4",0,"Fernandina",24,"perrus",2,2
"1015","FA02","spp4",0,"Fernandina",24,"perrus",2,2
"1016","FA02","spp4",0,"Fernandina",24,"perrus",2,2
"1017","FA02","spp4",0,"Fernandina",24,"perrus",2,2
"1018","FA02","spp4",0,"Fernandina",24,"perrus",2,2
"1019","FA02","spp4",0,"Fernandina",24,"perrus",2,2
"1020","FA02","spp4",0,"Fernandina",24,"perrus",2,2
"1021","FA02","spp4",0,"Fernandina",24,"perrus",2,2
"1022","FA02","spp4",0,"Fernandina",24,"perrus",2,2
"1023","FA02","spp4",0,"Fernandina",24,"perrus",2,2
"1024","FA02","spp4",0,"Fernandina",24,"perrus",2,2
"1025","FA02","spp4",0,"Fernandina",24,"perrus",2,2
"1026","FA02","spp4",0,"Fernandina",24,"perrus",2,2
"1027","FA02","spp4",0,"Fernandina",24,"perrus",2,2
"1028","FA02","spp4",0,"Fernandina",24,"perrus",2,2
"1029","FA02","spp4",0,"Fernandina",24,"perrus",2,2
"1030","FA02","spp4",0,"Fernandina",24,"perrus",2,2
"1031","FA02","spp4",1,"Fernandina",24,"perrus",2,2
"1032","FA02","spp4",0,"Fernandina",24,"perrus",2,2
"1033","FA02","spp4",0,"Fernandina",24,"perrus",2,2
"1034","FA02","spp4",0,"Fernandina",24,"perrus",2,2
"1035","FA02","spp4",0,"Fernandina",24,"perrus",2,2
"1036","FA02","spp4",0,"Fernandina",24,"perrus",2,2
"1037","FA02","spp4",0,"Fernandina",24,"perrus",2,2
"1038","FA02","spp4",0,"Fernandina",24,"perrus",2,2
"1039","FL18-02-01","unifasciatus",16,"Floreana",44,"unifasciatus",3,3
"1040","FL18-02-01","unifasciatus",15,"Floreana",44,"unifasciatus",3,3
"1041","FL18-02-01","unifasciatus",28,"Floreana",44,"unifasciatus",3,3
"1042","FL18-02-01","unifasciatus",10,"Floreana",44,"unifasciatus",3,3
"1043","FL18-02-01","unifasciatus",30,"Floreana",44,"unifasciatus",3,3
"1044","FL18-02-01","unifasciatus",2,"Floreana",44,"unifasciatus",3,3
"1045","FL18-02-01","unifasciatus",70,"Floreana",44,"unifasciatus",3,3
"1046","FL18-02-01","unifasciatus",1,"Floreana",44,"unifasciatus",3,3
"1047","FL18-02-01","unifasciatus",10,"Floreana",44,"unifasciatus",3,3
"1048","FL18-02-01","unifasciatus",2,"Floreana",44,"unifasciatus",3,3
"1049","FL18-02-01","unifasciatus",26,"Floreana",44,"unifasciatus",3,3
"1050","FL18-02-01","unifasciatus",4,"Floreana",44,"unifasciatus",3,3
"1051","FL18-02-01","unifasciatus",15,"Floreana",44,"unifasciatus",3,3
"1052","FL18-02-01","unifasciatus",94,"Floreana",44,"unifasciatus",3,3
"1053","FL18-02-01","unifasciatus",4,"Floreana",44,"unifasciatus",3,3
"1054","FL18-02-01","unifasciatus",0,"Floreana",44,"unifasciatus",3,3
"1055","FL18-11","planospira",3,"Floreana",28,"planospira",3,3
"1056","FL18-11","planospira",10,"Floreana",28,"planospira",3,3
"1057","FL18-11","planospira",0,"Floreana",28,"planospira",3,3
"1058","FL18-11","planospira",0,"Floreana",28,"planospira",3,3
"1059","FL18-11","planospira",0,"Floreana",28,"planospira",3,3
"1060","FL18-11","planospira",0,"Floreana",28,"planospira",3,3
"1061","FL18-11","planospira",0,"Floreana",28,"planospira",3,3
"1062","FL18-11","planospira",0,"Floreana",28,"planospira",3,3
"1063","FL18-11","planospira",0,"Floreana",28,"planospira",3,3
"1064","FL18-11","planospira",0,"Floreana",28,"planospira",3,3
"1065","FL18-11","planospira",0,"Floreana",28,"planospira",3,3
"1066","FL18-02-01","unifasciatus",12,"Floreana",44,"unifasciatus",3,3
"1067","FL18-02-01","unifasciatus",11,"Floreana",44,"unifasciatus",3,3
"1068","FL18-02-01","unifasciatus",22,"Floreana",44,"unifasciatus",3,3
"1069","FL18-02-01","unifasciatus",2,"Floreana",44,"unifasciatus",3,3
"1070","FL18-02-01","unifasciatus",11,"Floreana",44,"unifasciatus",3,3
"1071","FL18-02-01","unifasciatus",59,"Floreana",44,"unifasciatus",3,3
"1072","FL18-02-01","unifasciatus",25,"Floreana",44,"unifasciatus",3,3
"1073","FL18-02-01","unifasciatus",30,"Floreana",44,"unifasciatus",3,3
"1074","FL18-02-01","unifasciatus",35,"Floreana",44,"unifasciatus",3,3
"1075","FL18-02-01","unifasciatus",8,"Floreana",44,"unifasciatus",3,3
"1076","FL18-02-01","unifasciatus",5,"Floreana",44,"unifasciatus",3,3
"1077","FL18-02-01","unifasciatus",4,"Floreana",44,"unifasciatus",3,3
"1078","FL18-02-01","unifasciatus",11,"Floreana",44,"unifasciatus",3,3
"1079","FL18-02-01","unifasciatus",9,"Floreana",44,"unifasciatus",3,3
"1080","FL18-02-01","unifasciatus",4,"Floreana",44,"unifasciatus",3,3
"1081","FL18-02-01","unifasciatus",39,"Floreana",44,"unifasciatus",3,3
"1082","FL18-02-01","unifasciatus",5,"Floreana",44,"unifasciatus",3,3
"1083","FL18-02-01","unifasciatus",3,"Floreana",44,"unifasciatus",3,3
"1084","FL18-02-01","unifasciatus",0,"Floreana",44,"unifasciatus",3,3
"1085","FL18-02-01","unifasciatus",0,"Floreana",44,"unifasciatus",3,3
"1086","FL18-02-01","unifasciatus",84,"Floreana",44,"unifasciatus",3,3
"1087","FL18-02-01","unifasciatus",6,"Floreana",44,"unifasciatus",3,3
"1088","FL18-02-01","unifasciatus",1,"Floreana",44,"unifasciatus",3,3
"1089","FL18-02-01","unifasciatus",44,"Floreana",44,"unifasciatus",3,3
"1090","FL18-02-01","unifasciatus",13,"Floreana",44,"unifasciatus",3,3
"1091","FL18-02-01","unifasciatus",58,"Floreana",44,"unifasciatus",3,3
"1092","FL18-02-01","unifasciatus",18,"Floreana",44,"unifasciatus",3,3
"1093","FL18-02-01","unifasciatus",27,"Floreana",44,"unifasciatus",3,3
"1094","FL18-02-01","unifasciatus",7,"Floreana",44,"unifasciatus",3,3
"1095","FL18-02-01","unifasciatus",5,"Floreana",44,"unifasciatus",3,3
"1096","FL18-02-01","unifasciatus",19,"Floreana",44,"unifasciatus",3,3
"1097","FL18-02-01","unifasciatus",18,"Floreana",44,"unifasciatus",3,3
"1098","FL18-02-01","unifasciatus",0,"Floreana",44,"unifasciatus",3,3
"1099","FL18-02-01","unifasciatus",0,"Floreana",44,"unifasciatus",3,3
"1100","FL18-02-01","unifasciatus",0,"Floreana",44,"unifasciatus",3,3
"1101","FL18-02-01","unifasciatus",0,"Floreana",44,"unifasciatus",3,3
"1102","FL18-02-01","unifasciatus",55,"Floreana",44,"unifasciatus",3,3
"1103","FL18-02-02","unifasciatus",80,"Floreana",44,"unifasciatus",3,3
"1104","FL10-028","planospira",16,"Floreana",28,"planospira",3,3
"1105","FL10-028","planospira",2,"Floreana",28,"planospira",3,3
"1106","FL10-028","planospira",3,"Floreana",28,"planospira",3,3
"1107","FL10-028","planospira",4,"Floreana",28,"planospira",3,3
"1108","FL10-028","planospira",3,"Floreana",28,"planospira",3,3
"1109","FL10-028","planospira",0,"Floreana",28,"planospira",3,3
"1110","FL10-028","planospira",0,"Floreana",28,"planospira",3,3
"1111","FL10-028","planospira",0,"Floreana",28,"planospira",3,3
"1112","FL10-028","planospira",0,"Floreana",28,"planospira",3,3
"1113","FL10-028","planospira",0,"Floreana",28,"planospira",3,3
"1114","FL10-028","planospira",0,"Floreana",28,"planospira",3,3
"1115","FL10-028","planospira",0,"Floreana",28,"planospira",3,3
"1116","FL10-028","planospira",0,"Floreana",28,"planospira",3,3
"1117","FL15","planospira",1,"Floreana",28,"planospira",3,3
"1118","FL15","planospira",1,"Floreana",28,"planospira",3,3
"1119","FL15","planospira",1,"Floreana",28,"planospira",3,3
"1120","FL15","planospira",0,"Floreana",28,"planospira",3,3
"1121","FL15","planospira",0,"Floreana",28,"planospira",3,3
"1122","FL15","planospira",0,"Floreana",28,"planospira",3,3
"1123","FL15","planospira",0,"Floreana",28,"planospira",3,3
"1124","FL15","planospira",0,"Floreana",28,"planospira",3,3
"1125","FL15","planospira",0,"Floreana",28,"planospira",3,3
"1126","FL15","planospira",0,"Floreana",28,"planospira",3,3
"1127","FL15","planospira",0,"Floreana",28,"planospira",3,3
"1128","FL15","planospira",0,"Floreana",28,"planospira",3,3
"1129","FL15","planospira",0,"Floreana",28,"planospira",3,3
"1130","FL15","planospira",0,"Floreana",28,"planospira",3,3
"1131","FL15","planospira",0,"Floreana",28,"planospira",3,3
"1132","FL15","planospira",0,"Floreana",28,"planospira",3,3
"1133","FL15","planospira",3,"Floreana",28,"planospira",3,3
"1134","FL15","planospira",2,"Floreana",28,"planospira",3,3
"1135","FL15","planospira",0,"Floreana",28,"planospira",3,3
"1136","FL15","planospira",0,"Floreana",28,"planospira",3,3
"1137","FL15","planospira",0,"Floreana",28,"planospira",3,3
"1138","FL15","planospira",0,"Floreana",28,"planospira",3,3
"1139","FL15","planospira",0,"Floreana",28,"planospira",3,3
"1140","FL15","planospira",0,"Floreana",28,"planospira",3,3
"1141","FL15","planospira",0,"Floreana",28,"planospira",3,3
"1142","FL15","planospira",0,"Floreana",28,"planospira",3,3
"1143","RA12-07","rabidensis",50,"Rabida",29,"rabidensis",10,8
"1144","RA12-07","rabidensis",12,"Rabida",29,"rabidensis",10,8
"1145","RA12-07","rabidensis",2,"Rabida",29,"rabidensis",10,8
"1146","RA12-07","rabidensis",19,"Rabida",29,"rabidensis",10,8
"1147","RA12-07","rabidensis",0,"Rabida",29,"rabidensis",10,8
"1148","RA12-07","rabidensis",0,"Rabida",29,"rabidensis",10,8
"1149","RA12-07","rabidensis",0,"Rabida",29,"rabidensis",10,8
"1150","RA12-07","rabidensis",0,"Rabida",29,"rabidensis",10,8
"1151","RA12-07","rabidensis",0,"Rabida",29,"rabidensis",10,8
"1152","RA12-07","rabidensis",0,"Rabida",29,"rabidensis",10,8
"1153","RA12-07","rabidensis",0,"Rabida",29,"rabidensis",10,8
"1154","RA12-07","rabidensis",0,"Rabida",29,"rabidensis",10,8
"1155","RA12-07","rabidensis",0,"Rabida",29,"rabidensis",10,8
"1156","RA12-07","rabidensis",0,"Rabida",29,"rabidensis",10,8
"1157","RA12-07","rabidensis",0,"Rabida",29,"rabidensis",10,8
"1158","RA12-07","rabidensis",0,"Rabida",29,"rabidensis",10,8
"1159","RA12-07","rabidensis",0,"Rabida",29,"rabidensis",10,8
"1160","RA12-07","rabidensis",0,"Rabida",29,"rabidensis",10,8
"1161","RA12-07","rabidensis",0,"Rabida",29,"rabidensis",10,8
"1162","RA12-07","rabidensis",0,"Rabida",29,"rabidensis",10,8
"1163","RA12-07","rabidensis",0,"Rabida",29,"rabidensis",10,8
"1164","RA12-07","rabidensis",0,"Rabida",29,"rabidensis",10,8
"1165","RA12-07","rabidensis",0,"Rabida",29,"rabidensis",10,8
"1166","RA12-07","rabidensis",0,"Rabida",29,"rabidensis",10,8
"1167","RA12-07","rabidensis",0,"Rabida",29,"rabidensis",10,8
"1168","RA12-07","rabidensis",0,"Rabida",29,"rabidensis",10,8
"1169","RA12-07","rabidensis",0,"Rabida",29,"rabidensis",10,8
"1170","RA12-07","rabidensis",0,"Rabida",29,"rabidensis",10,8
"1171","RA12-07","rabidensis",0,"Rabida",29,"rabidensis",10,8
"1172","RA12-07","rabidensis",0,"Rabida",29,"rabidensis",10,8
"1173","RA12","rabidensis",4,"Rabida",29,"rabidensis",10,8
"1174","RA12","rabidensis",1,"Rabida",29,"rabidensis",10,8
"1175","RA12","rabidensis",1,"Rabida",29,"rabidensis",10,8
"1176","RA12","rabidensis",11,"Rabida",29,"rabidensis",10,8
"1177","RA12","rabidensis",0,"Rabida",29,"rabidensis",10,8
"1178","RA12","rabidensis",0,"Rabida",29,"rabidensis",10,8
"1179","RA12","rabidensis",0,"Rabida",29,"rabidensis",10,8
"1180","RA12","rabidensis",0,"Rabida",29,"rabidensis",10,8
"1181","RA12","rabidensis",0,"Rabida",29,"rabidensis",10,8
"1182","RA12","rabidensis",0,"Rabida",29,"rabidensis",10,8
"1183","RA12","rabidensis",0,"Rabida",29,"rabidensis",10,8
"1184","RA12","rabidensis",0,"Rabida",29,"rabidensis",10,8
"1185","RA12","rabidensis",0,"Rabida",29,"rabidensis",10,8
"1186","RA12","rabidensis",0,"Rabida",29,"rabidensis",10,8
"1187","RA12","rabidensis",0,"Rabida",29,"rabidensis",10,8
"1188","RA12","rabidensis",0,"Rabida",29,"rabidensis",10,8
"1189","RA12","rabidensis",0,"Rabida",29,"rabidensis",10,8
"1190","RA12","rabidensis",0,"Rabida",29,"rabidensis",10,8
"1191","RA12","rabidensis",0,"Rabida",29,"rabidensis",10,8
"1192","RA12","rabidensis",0,"Rabida",29,"rabidensis",10,8
"1193","FL14-08","nux",8,"Floreana",20,"nux",3,3
"1194","FL14-08","nux",1,"Floreana",20,"nux",3,3
"1195","FL14-08","nux",2,"Floreana",20,"nux",3,3
"1196","FL14-08","nux",2,"Floreana",20,"nux",3,3
"1197","FL14-08","nux",4,"Floreana",20,"nux",3,3
"1198","FL14-08","nux",0,"Floreana",20,"nux",3,3
"1199","FL14-08","nux",0,"Floreana",20,"nux",3,3
"1200","FL14-08","nux",0,"Floreana",20,"nux",3,3
"1201","FL14-08","nux",0,"Floreana",20,"nux",3,3
"1202","FL14-08","nux",0,"Floreana",20,"nux",3,3
"1203","FL14-08","nux",0,"Floreana",20,"nux",3,3
"1204","FL14-08","nux",3,"Floreana",20,"nux",3,3
"1205","FL14-08","nux",3,"Floreana",20,"nux",3,3
"1206","FL14-08","nux",7,"Floreana",20,"nux",3,3
"1207","FL14-08","nux",3,"Floreana",20,"nux",3,3
"1208","FL14-08","nux",2,"Floreana",20,"nux",3,3
"1209","FL14-08","nux",2,"Floreana",20,"nux",3,3
"1210","FL14-08","nux",5,"Floreana",20,"nux",3,3
"1211","FL14-08","nux",2,"Floreana",20,"nux",3,3
"1212","FL14-08","nux",23,"Floreana",20,"nux",3,3
"1213","FL14-08","nux",0,"Floreana",20,"nux",3,3
"1214","FL14-08","nux",0,"Floreana",20,"nux",3,3
"1215","FL14-08","nux",0,"Floreana",20,"nux",3,3
"1216","FL14-08","nux",0,"Floreana",20,"nux",3,3
"1217","FL14-08","nux",0,"Floreana",20,"nux",3,3
"1218","FL14-08","nux",0,"Floreana",20,"nux",3,3
"1219","FL14-08","nux",0,"Floreana",20,"nux",3,3
"1220","FL14-08","nux",0,"Floreana",20,"nux",3,3
"1221","FL15-14-16","nux",61,"Floreana",20,"nux",3,3
"1222","FL15-14-16","nux",1,"Floreana",20,"nux",3,3
"1223","FL15-14-16","nux",5,"Floreana",20,"nux",3,3
"1224","FL15-14-16","nux",6,"Floreana",20,"nux",3,3
"1225","FL15-14-16","nux",1,"Floreana",20,"nux",3,3
"1226","FL15-14-16","nux",0,"Floreana",20,"nux",3,3
"1227","FL15-14-16","nux",0,"Floreana",20,"nux",3,3
"1228","FL15-14-16","nux",0,"Floreana",20,"nux",3,3
"1229","FL15-14-16","nux",0,"Floreana",20,"nux",3,3
"1230","FL15-14-16","nux",0,"Floreana",20,"nux",3,3
"1231","FL15","nux",3,"Floreana",20,"nux",3,3
"1232","FL15","nux",3,"Floreana",20,"nux",3,3
"1233","FL15","nux",3,"Floreana",20,"nux",3,3
"1234","FL15","nux",0,"Floreana",20,"nux",3,3
"1235","FL15","nux",0,"Floreana",20,"nux",3,3
"1236","FL15","nux",0,"Floreana",20,"nux",3,3
"1237","FL15","nux",0,"Floreana",20,"nux",3,3
"1238","FL15","nux",0,"Floreana",20,"nux",3,3
"1239","FL15","nux",0,"Floreana",20,"nux",3,3
"1240","FL15","nux",0,"Floreana",20,"nux",3,3
"1241","FL15","nux",0,"Floreana",20,"nux",3,3
"1242","FL15","nux",0,"Floreana",20,"nux",3,3
"1243","SF15-01","spp6",1,"Santa_Fe",46,"ventrosus",13,11
"1244","SF15-01","spp6",2,"Santa_Fe",46,"ventrosus",13,11
"1245","SF15-01","spp6",0,"Santa_Fe",46,"ventrosus",13,11
"1246","SF15-01","spp6",0,"Santa_Fe",46,"ventrosus",13,11
"1247","SF15-01","spp6",0,"Santa_Fe",46,"ventrosus",13,11
"1248","SF15-01","spp6",0,"Santa_Fe",46,"ventrosus",13,11
"1249","SF15-01","spp6",0,"Santa_Fe",46,"ventrosus",13,11
"1250","SF15-01","spp6",0,"Santa_Fe",46,"ventrosus",13,11
"1251","SF15-01","spp6",0,"Santa_Fe",46,"ventrosus",13,11
"1252","SF15-01","spp6",0,"Santa_Fe",46,"ventrosus",13,11
"1253","SF15-01","spp6",0,"Santa_Fe",46,"ventrosus",13,11
"1254","SF15-01","spp6",0,"Santa_Fe",46,"ventrosus",13,11
"1255","SF15-01","spp6",0,"Santa_Fe",46,"ventrosus",13,11
"1256","SF15-01","spp6",0,"Santa_Fe",46,"ventrosus",13,11
"1257","SF15-01","spp6",0,"Santa_Fe",46,"ventrosus",13,11
"1258","SF15-01","spp6",0,"Santa_Fe",46,"ventrosus",13,11
"1259","SF15-01","spp6",0,"Santa_Fe",46,"ventrosus",13,11
"1260","SF15-01","spp6",0,"Santa_Fe",46,"ventrosus",13,11
"1261","SF15-01","spp6",0,"Santa_Fe",46,"ventrosus",13,11
"1262","SF15-01","spp6",0,"Santa_Fe",46,"ventrosus",13,11
"1263","SF15-01","spp6",0,"Santa_Fe",46,"ventrosus",13,11
"1264","SF15-02","spp6",0,"Santa_Fe",46,"ventrosus",13,11
"1265","SF15-02","spp6",0,"Santa_Fe",46,"ventrosus",13,11
"1266","SF15-02","spp6",0,"Santa_Fe",46,"ventrosus",13,11
"1267","SF15-02","spp6",0,"Santa_Fe",46,"ventrosus",13,11
"1268","SF15-02","spp6",3,"Santa_Fe",46,"ventrosus",13,11
"1269","SF15-02","spp6",0,"Santa_Fe",46,"ventrosus",13,11
"1270","SF15-02","spp6",0,"Santa_Fe",46,"ventrosus",13,11
"1271","SF15-02","spp6",0,"Santa_Fe",46,"ventrosus",13,11
"1272","SF15-02","spp6",0,"Santa_Fe",46,"ventrosus",13,11
"1273","SF15-02","spp6",0,"Santa_Fe",46,"ventrosus",13,11
"1274","SF15-02","spp6",0,"Santa_Fe",46,"ventrosus",13,11
"1275","SF15-02","spp6",0,"Santa_Fe",46,"ventrosus",13,11
"1276","SF15-02","spp6",0,"Santa_Fe",46,"ventrosus",13,11
"1277","SF15-01","spp6",10,"Santa_Fe",46,"ventrosus",13,11
"1278","SF15-01","spp6",0,"Santa_Fe",46,"ventrosus",13,11
"1279","SF15-01","spp6",0,"Santa_Fe",46,"ventrosus",13,11
"1280","SF15-01","spp6",0,"Santa_Fe",46,"ventrosus",13,11
"1281","SF15-01","spp6",0,"Santa_Fe",46,"ventrosus",13,11
"1282","SF15-01","spp6",0,"Santa_Fe",46,"ventrosus",13,11
"1283","SF15-01","spp6",0,"Santa_Fe",46,"ventrosus",13,11
"1284","SF15-01","spp6",0,"Santa_Fe",46,"ventrosus",13,11
"1285","SF15-01","spp6",0,"Santa_Fe",46,"ventrosus",13,11
"1286","ES17-02","spp7",46,"Espanola",4,"approximatus",1,1
"1287","ES17-02","spp7",100,"Espanola",4,"approximatus",1,1
"1288","ES17-02","spp7",70,"Espanola",4,"approximatus",1,1
"1289","ES17-02","spp7",60,"Espanola",4,"approximatus",1,1
"1290","ES17-02","spp7",50,"Espanola",4,"approximatus",1,1
"1291","ES17-02","spp7",14,"Espanola",4,"approximatus",1,1
"1292","ES17-02","spp7",30,"Espanola",4,"approximatus",1,1
"1293","ES17-02","spp7",94,"Espanola",4,"approximatus",1,1
"1294","ES17-02","spp7",40,"Espanola",4,"approximatus",1,1
"1295","ES17-02","spp7",100,"Espanola",4,"approximatus",1,1
"1296","ES17-02","spp7",100,"Espanola",4,"approximatus",1,1
"1297","ES17-02","spp7",100,"Espanola",4,"approximatus",1,1
"1298","ES17-02","spp7",0,"Espanola",4,"approximatus",1,1
"1299","ES17-02","spp7",0,"Espanola",4,"approximatus",1,1
"1300","ES17-02","spp7",0,"Espanola",4,"approximatus",1,1
"1301","ES17-02","spp7",0,"Espanola",4,"approximatus",1,1
"1302","ES17-06","spp7",33,"Espanola",4,"approximatus",1,1
"1303","ES17-06","spp7",6,"Espanola",4,"approximatus",1,1
"1304","ES17-06","spp7",100,"Espanola",4,"approximatus",1,1
"1305","ES17-06","spp7",100,"Espanola",4,"approximatus",1,1
"1306","ES17-06","spp7",100,"Espanola",4,"approximatus",1,1
"1307","ES17-06","spp7",100,"Espanola",4,"approximatus",1,1
"1308","ES17-06","spp7",3,"Espanola",4,"approximatus",1,1
"1309","ES17-06","spp7",100,"Espanola",4,"approximatus",1,1
"1310","ES17-06","spp7",100,"Espanola",4,"approximatus",1,1
"1311","ES17-06","spp7",26,"Espanola",4,"approximatus",1,1
"1312","ES17-06","spp7",0,"Espanola",4,"approximatus",1,1
"1313","ES17-06","spp7",0,"Espanola",4,"approximatus",1,1
"1314","ES17-06","spp7",0,"Espanola",4,"approximatus",1,1
"1315","ES17-06","spp7",0,"Espanola",4,"approximatus",1,1
"1316","ES17-06","spp7",0,"Espanola",4,"approximatus",1,1
"1317","ES17-06","spp7",0,"Espanola",4,"approximatus",1,1
"1318","ES17-Peak","spp7",4,"Espanola",4,"approximatus",1,1
"1319","ES17-Peak","spp7",5,"Espanola",4,"approximatus",1,1
"1320","ES17-Peak","spp7",8,"Espanola",4,"approximatus",1,1
"1321","ES17-Peak","spp7",100,"Espanola",4,"approximatus",1,1
"1322","ES17-Peak","spp7",90,"Espanola",4,"approximatus",1,1
"1323","ES17-Peak","spp7",0,"Espanola",4,"approximatus",1,1
"1324","ES17-Peak","spp7",0,"Espanola",4,"approximatus",1,1
"1325","ES17-Peak","spp7",0,"Espanola",4,"approximatus",1,1
"1326","ES17-Peak","spp7",0,"Espanola",4,"approximatus",1,1
"1327","ES17-03","spp7",4,"Espanola",4,"approximatus",1,1
"1328","ES17-03","spp7",100,"Espanola",4,"approximatus",1,1
"1329","ES17-03","spp7",61,"Espanola",4,"approximatus",1,1
"1330","ES17-03","spp7",1,"Espanola",4,"approximatus",1,1
"1331","ES17-03","spp7",100,"Espanola",4,"approximatus",1,1
"1332","ES17-03","spp7",100,"Espanola",4,"approximatus",1,1
"1333","ES17-03","spp7",0,"Espanola",4,"approximatus",1,1
"1334","ES17-03","spp7",0,"Espanola",4,"approximatus",1,1
"1335","ES17-03","spp7",0,"Espanola",4,"approximatus",1,1
"1336","CA05--8","spp8",2,"Isabela",40,"sp_nov_CerroAzul",6,5
"1337","CA05--8","spp8",0,"Isabela",40,"sp_nov_CerroAzul",6,5
"1338","CA05--8","spp8",0,"Isabela",40,"sp_nov_CerroAzul",6,5
"1339","CA05--8","spp8",0,"Isabela",40,"sp_nov_CerroAzul",6,5
"1340","CA05--8","spp8",0,"Isabela",40,"sp_nov_CerroAzul",6,5
"1341","CA05--8","spp8",0,"Isabela",40,"sp_nov_CerroAzul",6,5
"1342","CA05--8","spp8",0,"Isabela",40,"sp_nov_CerroAzul",6,5
"1343","CA05--8","spp8",0,"Isabela",40,"sp_nov_CerroAzul",6,5
"1344","CA05--8","spp8",0,"Isabela",40,"sp_nov_CerroAzul",6,5
"1345","CA05--8","spp8",0,"Isabela",40,"sp_nov_CerroAzul",6,5
"1346","CA05--8","spp8",0,"Isabela",40,"sp_nov_CerroAzul",6,5
"1347","CA05--8","spp8",0,"Isabela",40,"sp_nov_CerroAzul",6,5
"1348","CA05--8","spp8",0,"Isabela",40,"sp_nov_CerroAzul",6,5
"1349","CA05--8","spp8",0,"Isabela",40,"sp_nov_CerroAzul",6,5
"1350","CA05--8","spp8",0,"Isabela",40,"sp_nov_CerroAzul",6,5
"1351","CA05--8","spp8",0,"Isabela",40,"sp_nov_CerroAzul",6,5
"1352","CA05--8","spp8",0,"Isabela",40,"sp_nov_CerroAzul",6,5
"1353","CA05--8","spp8",0,"Isabela",40,"sp_nov_CerroAzul",6,5
"1354","CA05--8","spp8",0,"Isabela",40,"sp_nov_CerroAzul",6,5
"1355","CA05--8","spp8",0,"Isabela",40,"sp_nov_CerroAzul",6,5
"1356","CA05-10","spp8",1,"Isabela",40,"sp_nov_CerroAzul",6,5
"1357","CA05-10","spp8",4,"Isabela",40,"sp_nov_CerroAzul",6,5
"1358","CA05-10","spp8",3,"Isabela",40,"sp_nov_CerroAzul",6,5
"1359","CA05-10","spp8",15,"Isabela",40,"sp_nov_CerroAzul",6,5
"1360","CA05-10","spp8",0,"Isabela",40,"sp_nov_CerroAzul",6,5
"1361","CA05-10","spp8",0,"Isabela",40,"sp_nov_CerroAzul",6,5
"1362","CA05-10","spp8",0,"Isabela",40,"sp_nov_CerroAzul",6,5
"1363","CA05-10","spp8",0,"Isabela",40,"sp_nov_CerroAzul",6,5
"1364","CA05-10","spp8",0,"Isabela",40,"sp_nov_CerroAzul",6,5
"1365","CA05-10","spp8",0,"Isabela",40,"sp_nov_CerroAzul",6,5
"1366","CA05-10","spp8",0,"Isabela",40,"sp_nov_CerroAzul",6,5
"1367","CA05-10","spp8",0,"Isabela",40,"sp_nov_CerroAzul",6,5
"1368","CA05-10","spp8",0,"Isabela",40,"sp_nov_CerroAzul",6,5
"1369","CA05-10","spp8",0,"Isabela",40,"sp_nov_CerroAzul",6,5
"1370","CA05-10","spp8",0,"Isabela",40,"sp_nov_CerroAzul",6,5
"1371","CA05-10","spp8",0,"Isabela",40,"sp_nov_CerroAzul",6,5
"1372","CA05-10","spp8",0,"Isabela",40,"sp_nov_CerroAzul",6,5
"1373","CA05-10","spp8",0,"Isabela",40,"sp_nov_CerroAzul",6,5
"1374","CA05-10","spp8",0,"Isabela",40,"sp_nov_CerroAzul",6,5
"1375","CA05-10","spp8",0,"Isabela",40,"sp_nov_CerroAzul",6,5
"1376","CA05-05","spp8",1,"Isabela",40,"sp_nov_CerroAzul",6,5
"1377","CA05-05","spp8",17,"Isabela",40,"sp_nov_CerroAzul",6,5
"1378","CA05-05","spp8",5,"Isabela",40,"sp_nov_CerroAzul",6,5
"1379","CA05-05","spp8",1,"Isabela",40,"sp_nov_CerroAzul",6,5
"1380","CA05-05","spp8",0,"Isabela",40,"sp_nov_CerroAzul",6,5
"1381","CA05-05","spp8",0,"Isabela",40,"sp_nov_CerroAzul",6,5
"1382","CA05-05","spp8",0,"Isabela",40,"sp_nov_CerroAzul",6,5
"1383","CA05-05","spp8",0,"Isabela",40,"sp_nov_CerroAzul",6,5
"1384","CA05-05","spp8",0,"Isabela",40,"sp_nov_CerroAzul",6,5
"1385","CA05-05","spp8",0,"Isabela",40,"sp_nov_CerroAzul",6,5
"1386","PI02-03","spp9",17,"Pinzon",26,"pinzonensis",9,7
"1387","PI02-03","spp9",8,"Pinzon",26,"pinzonensis",9,7
"1388","PI02-03","spp9",57,"Pinzon",26,"pinzonensis",9,7
"1389","PI02-03","spp9",3,"Pinzon",26,"pinzonensis",9,7
"1390","PI02-03","spp9",30,"Pinzon",26,"pinzonensis",9,7
"1391","PI02-03","spp9",35,"Pinzon",26,"pinzonensis",9,7
"1392","PI02-03","spp9",34,"Pinzon",26,"pinzonensis",9,7
"1393","PI02-03","spp9",0,"Pinzon",26,"pinzonensis",9,7
"1394","PI02-03","spp9",0,"Pinzon",26,"pinzonensis",9,7
"1395","PI02-03","spp9",0,"Pinzon",26,"pinzonensis",9,7
"1396","PI02-03","spp9",0,"Pinzon",26,"pinzonensis",9,7
"1397","PI02-03","spp9",0,"Pinzon",26,"pinzonensis",9,7
"1398","PI02-03","spp9",0,"Pinzon",26,"pinzonensis",9,7
"1399","PI14","spp9",7,"Pinzon",26,"pinzonensis",9,7
"1400","PI14","spp9",55,"Pinzon",26,"pinzonensis",9,7
"1401","PI14","spp9",6,"Pinzon",26,"pinzonensis",9,7
"1402","PI14","spp9",0,"Pinzon",26,"pinzonensis",9,7
"1403","PI14","spp9",0,"Pinzon",26,"pinzonensis",9,7
"1404","PI14","spp9",0,"Pinzon",26,"pinzonensis",9,7
"1405","PI14","spp9",0,"Pinzon",26,"pinzonensis",9,7
"1406","PI14","spp9",0,"Pinzon",26,"pinzonensis",9,7
"1407","PI14","spp9",0,"Pinzon",26,"pinzonensis",9,7
"1408","PI14","spp9",0,"Pinzon",26,"pinzonensis",9,7
"1409","PI14","spp9",0,"Pinzon",26,"pinzonensis",9,7
"1410","PI14","spp9",0,"Pinzon",26,"pinzonensis",9,7
"1411","PI14","spp9",0,"Pinzon",26,"pinzonensis",9,7
"1412","PI14","spp9",5,"Pinzon",26,"pinzonensis",9,7
"1413","PI01-03","spp9",25,"Pinzon",26,"pinzonensis",9,7
"1414","PI01-03","spp9",100,"Pinzon",26,"pinzonensis",9,7
"1415","PI01-03","spp9",0,"Pinzon",26,"pinzonensis",9,7
"1416","PI01-03","spp9",0,"Pinzon",26,"pinzonensis",9,7
"1417","PI01-03","spp9",0,"Pinzon",26,"pinzonensis",9,7
"1418","PI01-03","spp9",0,"Pinzon",26,"pinzonensis",9,7
"1419","PI01-03","spp9",0,"Pinzon",26,"pinzonensis",9,7
"1420","PI01-03","spp9",0,"Pinzon",26,"pinzonensis",9,7
"1421","PI01-03","spp9",0,"Pinzon",26,"pinzonensis",9,7
"1422","PI01-03","spp9",0,"Pinzon",26,"pinzonensis",9,7
"1423","PI01-03","spp9",0,"Pinzon",26,"pinzonensis",9,7
"1424","PI01-03","spp9",0,"Pinzon",26,"pinzonensis",9,7
"1425","PI01-03","spp9",0,"Pinzon",26,"pinzonensis",9,7
"1426","PI01-03","spp9",0,"Pinzon",26,"pinzonensis",9,7
"1427","PI01-03","spp9",0,"Pinzon",26,"pinzonensis",9,7
"1428","PI01-03","spp9",19,"Pinzon",26,"pinzonensis",9,7
"1429","PI01-03","spp9",50,"Pinzon",26,"pinzonensis",9,7
"1430","PI01-03","spp9",10,"Pinzon",26,"pinzonensis",9,7
"1431","PI01-03","spp9",0,"Pinzon",26,"pinzonensis",9,7
"1432","PI01-03","spp9",0,"Pinzon",26,"pinzonensis",9,7
"1433","PI01-03","spp9",0,"Pinzon",26,"pinzonensis",9,7
"1434","PI01-03","spp9",0,"Pinzon",26,"pinzonensis",9,7
"1435","PI01-03","spp9",0,"Pinzon",26,"pinzonensis",9,7
"1436","PI01-03","spp9",0,"Pinzon",26,"pinzonensis",9,7
"1437","FL18-08","ustulatus",1,"Floreana",45,"ustulatus",3,3
"1438","FL18-08","ustulatus",1,"Floreana",45,"ustulatus",3,3
"1439","FL18-08","ustulatus",5,"Floreana",45,"ustulatus",3,3
"1440","FL18-08","ustulatus",0,"Floreana",45,"ustulatus",3,3
"1441","FL18-08","ustulatus",0,"Floreana",45,"ustulatus",3,3
"1442","FL18-08","ustulatus",0,"Floreana",45,"ustulatus",3,3
"1443","FL18-08","ustulatus",0,"Floreana",45,"ustulatus",3,3
"1444","FL18-08","ustulatus",0,"Floreana",45,"ustulatus",3,3
"1445","FL18-08","ustulatus",0,"Floreana",45,"ustulatus",3,3
"1446","FL18-08","ustulatus",0,"Floreana",45,"ustulatus",3,3
"1447","FL18-08","ustulatus",0,"Floreana",45,"ustulatus",3,3
"1448","FL18-08","ustulatus",0,"Floreana",45,"ustulatus",3,3
"1449","FL18-08","ustulatus",0,"Floreana",45,"ustulatus",3,3
"1450","FL18-08","ustulatus",0,"Floreana",45,"ustulatus",3,3
"1451","FL18-08","ustulatus",0,"Floreana",45,"ustulatus",3,3
"1452","FL18-08","ustulatus",0,"Floreana",45,"ustulatus",3,3
"1453","FL18-08","ustulatus",0,"Floreana",45,"ustulatus",3,3
"1454","FL18-08","ustulatus",0,"Floreana",45,"ustulatus",3,3
"1455","FL18-08","ustulatus",0,"Floreana",45,"ustulatus",3,3
"1456","FL18-08","ustulatus",0,"Floreana",45,"ustulatus",3,3
"1457","FL18-08","ustulatus",0,"Floreana",45,"ustulatus",3,3
"1458","FL18-08","ustulatus",0,"Floreana",45,"ustulatus",3,3
"1459","FL18-08","ustulatus",0,"Floreana",45,"ustulatus",3,3
"1460","FL18-08","ustulatus",0,"Floreana",45,"ustulatus",3,3
"1461","FL18-08","ustulatus",0,"Floreana",45,"ustulatus",3,3
"1462","FL18-08","ustulatus",0,"Floreana",45,"ustulatus",3,3
"1463","FL18-08","ustulatus",0,"Floreana",45,"ustulatus",3,3
"1464","FL15","ustulatus",1,"Floreana",45,"ustulatus",3,3
"1465","FL15","ustulatus",0,"Floreana",45,"ustulatus",3,3
"1466","FL15","ustulatus",0,"Floreana",45,"ustulatus",3,3
"1467","FL15","ustulatus",0,"Floreana",45,"ustulatus",3,3
"1468","FL15","ustulatus",0,"Floreana",45,"ustulatus",3,3
"1469","FL15","ustulatus",0,"Floreana",45,"ustulatus",3,3
"1470","FL15","ustulatus",0,"Floreana",45,"ustulatus",3,3
"1471","FL15","ustulatus",0,"Floreana",45,"ustulatus",3,3
"1472","FL15","ustulatus",0,"Floreana",45,"ustulatus",3,3
"1473","FL15","ustulatus",0,"Floreana",45,"ustulatus",3,3
"1474","FL15","ustulatus",0,"Floreana",45,"ustulatus",3,3
"1475","FL15","ustulatus",0,"Floreana",45,"ustulatus",3,3
"1476","FL15","ustulatus",0,"Floreana",45,"ustulatus",3,3
"1477","FL15","ustulatus",0,"Floreana",45,"ustulatus",3,3
"1478","FL15","ustulatus",0,"Floreana",45,"ustulatus",3,3
"1479","FL15","ustulatus",0,"Floreana",45,"ustulatus",3,3
"1480","FL15","ustulatus",0,"Floreana",45,"ustulatus",3,3
"1481","FL15","ustulatus",0,"Floreana",45,"ustulatus",3,3
"1482","FL15","ustulatus",0,"Floreana",45,"ustulatus",3,3
"1483","FL15","ustulatus",0,"Floreana",45,"ustulatus",3,3
"1484","FL15","ustulatus",0,"Floreana",45,"ustulatus",3,3
"1485","FL15","ustulatus",0,"Floreana",45,"ustulatus",3,3
"1486","FL15","ustulatus",0,"Floreana",45,"ustulatus",3,3
"1487","FL15","ustulatus",0,"Floreana",45,"ustulatus",3,3
"1488","FL15","ustulatus",0,"Floreana",45,"ustulatus",3,3
"1489","FL15","ustulatus",0,"Floreana",45,"ustulatus",3,3
"1490","FL15","ustulatus",0,"Floreana",45,"ustulatus",3,3
"1491","FL15","ustulatus",0,"Floreana",45,"ustulatus",3,3
"1492","SC01-02","cavagnaroi",2,"Santa_Cruz",9,"cavagnaroi",12,10
"1493","SC01-02","cavagnaroi",17,"Santa_Cruz",9,"cavagnaroi",12,10
"1494","SC01-02","cavagnaroi",1,"Santa_Cruz",9,"cavagnaroi",12,10
"1495","SC01-02","cavagnaroi",0,"Santa_Cruz",9,"cavagnaroi",12,10
"1496","SC01-02","cavagnaroi",0,"Santa_Cruz",9,"cavagnaroi",12,10
"1497","SC01-02","cavagnaroi",0,"Santa_Cruz",9,"cavagnaroi",12,10
"1498","sc15-16","cavagnaroi",9,"Santa_Cruz",9,"cavagnaroi",12,10
"1499","sc15-16","cavagnaroi",0,"Santa_Cruz",9,"cavagnaroi",12,10
"1500","sc15-16","cavagnaroi",0,"Santa_Cruz",9,"cavagnaroi",12,10
"1501","sc15-16","cavagnaroi",0,"Santa_Cruz",9,"cavagnaroi",12,10
"1502","sc15-16","cavagnaroi",0,"Santa_Cruz",9,"cavagnaroi",12,10
"1503","sc15-02","cavagnaroi",1,"Santa_Cruz",9,"cavagnaroi",12,10
"1504","sc15-02","cavagnaroi",0,"Santa_Cruz",9,"cavagnaroi",12,10
"1505","sc15-02","cavagnaroi",0,"Santa_Cruz",9,"cavagnaroi",12,10
"1506","sc01","cavagnaroi",0,"Santa_Cruz",9,"cavagnaroi",12,10
"1507","sc01","cavagnaroi",0,"Santa_Cruz",9,"cavagnaroi",12,10
"1508","sc01","cavagnaroi",0,"Santa_Cruz",9,"cavagnaroi",12,10
"1509","sc01","cavagnaroi",0,"Santa_Cruz",9,"cavagnaroi",12,10
"1510","sc01-03","cavagnaroi",1,"Santa_Cruz",9,"cavagnaroi",12,10
"1511","sc01-03","cavagnaroi",0,"Santa_Cruz",9,"cavagnaroi",12,10
"1512","sc01-03","cavagnaroi",0,"Santa_Cruz",9,"cavagnaroi",12,10
"1513","sc01-03","cavagnaroi",0,"Santa_Cruz",9,"cavagnaroi",12,10
"1514","sc01-03","cavagnaroi",0,"Santa_Cruz",9,"cavagnaroi",12,10
"1515","sc01-03","cavagnaroi",0,"Santa_Cruz",9,"cavagnaroi",12,10
"1516","sc15-02","cavagnaroi",50,"Santa_Cruz",9,"cavagnaroi",12,10
"1517","sc15-02","cavagnaroi",6,"Santa_Cruz",9,"cavagnaroi",12,10
"1518","sc15-02","cavagnaroi",10,"Santa_Cruz",9,"cavagnaroi",12,10
"1519","sc15-02","cavagnaroi",0,"Santa_Cruz",9,"cavagnaroi",12,10
"1520","sc15-02","cavagnaroi",0,"Santa_Cruz",9,"cavagnaroi",12,10
"1521","sc15-02","cavagnaroi",0,"Santa_Cruz",9,"cavagnaroi",12,10
"1522","sc15","cavagnaroi",0,"Santa_Cruz",9,"cavagnaroi",12,10
"1523","sc15","cavagnaroi",0,"Santa_Cruz",9,"cavagnaroi",12,10
"1524","sc15","cavagnaroi",0,"Santa_Cruz",9,"cavagnaroi",12,10
"1525","sc15","cavagnaroi",0,"Santa_Cruz",9,"cavagnaroi",12,10
"1526","sc15","cavagnaroi",0,"Santa_Cruz",9,"cavagnaroi",12,10
"1527","sc15-A","cavagnaroi",0,"Santa_Cruz",9,"cavagnaroi",12,10
"1528","sc15-A","cavagnaroi",0,"Santa_Cruz",9,"cavagnaroi",12,10
"1529","sc15-A","cavagnaroi",0,"Santa_Cruz",9,"cavagnaroi",12,10
"1530","sc15-A","cavagnaroi",0,"Santa_Cruz",9,"cavagnaroi",12,10
"1531","sc15-16","cavagnaroi",1,"Santa_Cruz",9,"cavagnaroi",12,10
"1532","sc15-16","cavagnaroi",1,"Santa_Cruz",9,"cavagnaroi",12,10
"1533","sc15-16","cavagnaroi",1,"Santa_Cruz",9,"cavagnaroi",12,10
"1534","sc15-16","cavagnaroi",1,"Santa_Cruz",9,"cavagnaroi",12,10
"1535","sc01-A","cavagnaroi",1,"Santa_Cruz",9,"cavagnaroi",12,10
"1536","sc-GR-01","olla",29,"Santa_Cruz",22,"olla",12,10
"1537","sc-GR-01","olla",19,"Santa_Cruz",22,"olla",12,10
"1538","sc-GR-01","olla",2,"Santa_Cruz",22,"olla",12,10
"1539","sc-GR-01","olla",0,"Santa_Cruz",22,"olla",12,10
"1540","sc-GR-01","olla",0,"Santa_Cruz",22,"olla",12,10
"1541","sc-GR-01","olla",0,"Santa_Cruz",22,"olla",12,10
"1542","sc-GR-01","olla",0,"Santa_Cruz",22,"olla",12,10
"1543","sc-GR-01","olla",0,"Santa_Cruz",22,"olla",12,10
"1544","sc-GR-01","olla",0,"Santa_Cruz",22,"olla",12,10
"1545","sc-GR-01","olla",0,"Santa_Cruz",22,"olla",12,10
"1546","sc-GR-01","olla",0,"Santa_Cruz",22,"olla",12,10
"1547","sc-GR-01","olla",0,"Santa_Cruz",22,"olla",12,10
"1548","sc-GR-01","olla",0,"Santa_Cruz",22,"olla",12,10
"1549","sc-GR-01","olla",0,"Santa_Cruz",22,"olla",12,10
"1550","sc-GR-01","olla",0,"Santa_Cruz",22,"olla",12,10
"1551","sc-GR-01","olla",0,"Santa_Cruz",22,"olla",12,10
"1552","sc-GR-01","olla",0,"Santa_Cruz",22,"olla",12,10
"1553","sc-GR-01","olla",0,"Santa_Cruz",22,"olla",12,10
"1554","sc-GR-01","olla",0,"Santa_Cruz",22,"olla",12,10
"1555","sc-GR-01","olla",0,"Santa_Cruz",22,"olla",12,10
"1556","sc-GR-01","olla",0,"Santa_Cruz",22,"olla",12,10
"1557","sc-GR-01","olla",0,"Santa_Cruz",22,"olla",12,10
"1558","sc-GR-01","olla",0,"Santa_Cruz",22,"olla",12,10
"1559","sc-GR-01","olla",0,"Santa_Cruz",22,"olla",12,10
"1560","SC03-A","olla",3,"Santa_Cruz",22,"olla",12,10
"1561","SC03-A","olla",0,"Santa_Cruz",22,"olla",12,10
"1562","SC03-A","olla",0,"Santa_Cruz",22,"olla",12,10
"1563","SC03-A","olla",0,"Santa_Cruz",22,"olla",12,10
"1564","SC03-A","olla",0,"Santa_Cruz",22,"olla",12,10
"1565","SC03-A","olla",0,"Santa_Cruz",22,"olla",12,10
"1566","SC03-A","olla",0,"Santa_Cruz",22,"olla",12,10
"1567","SC03-A","olla",0,"Santa_Cruz",22,"olla",12,10
"1568","SC01-GR","olla",4,"Santa_Cruz",22,"olla",12,10
"1569","SC01-GR","olla",2,"Santa_Cruz",22,"olla",12,10
"1570","SC01-GR","olla",0,"Santa_Cruz",22,"olla",12,10
"1571","SC01-GR","olla",0,"Santa_Cruz",22,"olla",12,10
"1572","SC-Grojo-A","olla",25,"Santa_Cruz",22,"olla",12,10
"1573","SC-Grojo-A","olla",1,"Santa_Cruz",22,"olla",12,10
"1574","SC-Grojo-A","olla",1,"Santa_Cruz",22,"olla",12,10
"1575","SC-Grojo-A","olla",0,"Santa_Cruz",22,"olla",12,10
"1576","SC-Grojo-A","olla",0,"Santa_Cruz",22,"olla",12,10
"1577","SC-Grojo-A","olla",0,"Santa_Cruz",22,"olla",12,10
"1578","SC-Grojo-A","olla",0,"Santa_Cruz",22,"olla",12,10
"1579","SC-Grojo-A","olla",0,"Santa_Cruz",22,"olla",12,10
"1580","SC-Grojo-A","olla",0,"Santa_Cruz",22,"olla",12,10
"1581","SC-Grojo-A","olla",0,"Santa_Cruz",22,"olla",12,10
"1582","SC-Grojo-A","olla",0,"Santa_Cruz",22,"olla",12,10
"1583","SC-Grojo-A","olla",0,"Santa_Cruz",22,"olla",12,10
"1584","SC-Grojo-A","olla",0,"Santa_Cruz",22,"olla",12,10
"1585","SC-Grojo-A","olla",0,"Santa_Cruz",22,"olla",12,10
"1586","SC-Grojo-A","olla",0,"Santa_Cruz",22,"olla",12,10
"1587","SC-Grojo-A","olla",0,"Santa_Cruz",22,"olla",12,10
"1588","SC-Grojo-A","olla",0,"Santa_Cruz",22,"olla",12,10
"1589","SC-Grojo-A","olla",0,"Santa_Cruz",22,"olla",12,10
"1590","SC-Grojo-A","olla",0,"Santa_Cruz",22,"olla",12,10
"1591","SC-Grojo-A","olla",0,"Santa_Cruz",22,"olla",12,10
"1592","SC-Grojo-A","olla",0,"Santa_Cruz",22,"olla",12,10
"1593","SC-Grojo-A","olla",0,"Santa_Cruz",22,"olla",12,10
"1594","SC-Grojo-A","olla",0,"Santa_Cruz",22,"olla",12,10
"1595","SC03-A-Cueva","olla",0,"Santa_Cruz",22,"olla",12,10
"1596","SC03-A-Cueva","olla",0,"Santa_Cruz",22,"olla",12,10
"1597","SC03-A-Cueva","olla",0,"Santa_Cruz",22,"olla",12,10
"1598","SC03-A-Cueva","olla",0,"Santa_Cruz",22,"olla",12,10
"1599","SC03-A-Cueva","olla",0,"Santa_Cruz",22,"olla",12,10
"1600","SC03-A-Cueva","olla",0,"Santa_Cruz",22,"olla",12,10
"1601","SC03-A-Cueva","olla",0,"Santa_Cruz",22,"olla",12,10
"1602","SC01-GRojo2-A","olla",0,"Santa_Cruz",22,"olla",12,10
"1603","SC01-GRojo2-A","olla",0,"Santa_Cruz",22,"olla",12,10
"1604","SC01-GR","lycodus",50,"Santa_Cruz",17,"lycodus",12,10
"1605","SC01-GR","lycodus",15,"Santa_Cruz",17,"lycodus",12,10
"1606","SC01-GR","lycodus",11,"Santa_Cruz",17,"lycodus",12,10
"1607","SC01-GR","lycodus",0,"Santa_Cruz",17,"lycodus",12,10
"1608","SC01-GR","lycodus",0,"Santa_Cruz",17,"lycodus",12,10
"1609","SC01-GR","lycodus",0,"Santa_Cruz",17,"lycodus",12,10
"1610","SC01-GR","lycodus",0,"Santa_Cruz",17,"lycodus",12,10
"1611","SC01-GR","lycodus",0,"Santa_Cruz",17,"lycodus",12,10
"1612","SC01-GR","lycodus",0,"Santa_Cruz",17,"lycodus",12,10
"1613","SC01-GR","lycodus",0,"Santa_Cruz",17,"lycodus",12,10
"1614","SC01-GR","lycodus",0,"Santa_Cruz",17,"lycodus",12,10
"1615","SC01-GR","lycodus",0,"Santa_Cruz",17,"lycodus",12,10
"1616","SC01-GR","lycodus",0,"Santa_Cruz",17,"lycodus",12,10
"1617","SC01-GR","lycodus",0,"Santa_Cruz",17,"lycodus",12,10
"1618","SC01-GR","lycodus",0,"Santa_Cruz",17,"lycodus",12,10
"1619","SC01-GR","lycodus",0,"Santa_Cruz",17,"lycodus",12,10
"1620","SC01-GR","lycodus",0,"Santa_Cruz",17,"lycodus",12,10
"1621","SC01-GR","lycodus",0,"Santa_Cruz",17,"lycodus",12,10
"1622","SC01-GR","lycodus",0,"Santa_Cruz",17,"lycodus",12,10
"1623","SC01-GR","lycodus",0,"Santa_Cruz",17,"lycodus",12,10
"1624","SC01-GR","lycodus",0,"Santa_Cruz",17,"lycodus",12,10
"1625","SC01-GR","lycodus",0,"Santa_Cruz",17,"lycodus",12,10
"1626","SC01-GR","lycodus",0,"Santa_Cruz",17,"lycodus",12,10
"1627","SC01-GR","lycodus",0,"Santa_Cruz",17,"lycodus",12,10
"1628","SC01-GR","lycodus",0,"Santa_Cruz",17,"lycodus",12,10
"1629","SC15-11","lycodus",5,"Santa_Cruz",17,"lycodus",12,10
"1630","SC15-11","lycodus",3,"Santa_Cruz",17,"lycodus",12,10
"1631","SC15-11","lycodus",1,"Santa_Cruz",17,"lycodus",12,10
"1632","SC15-11","lycodus",0,"Santa_Cruz",17,"lycodus",12,10
"1633","SC15-11","lycodus",0,"Santa_Cruz",17,"lycodus",12,10
"1634","SC15-11","lycodus",0,"Santa_Cruz",17,"lycodus",12,10
"1635","SC15-11","lycodus",0,"Santa_Cruz",17,"lycodus",12,10
"1636","SC15-11","lycodus",0,"Santa_Cruz",17,"lycodus",12,10
"1637","SC15-11","lycodus",0,"Santa_Cruz",17,"lycodus",12,10
"1638","SC15-11","lycodus",0,"Santa_Cruz",17,"lycodus",12,10
"1639","SC15-11","lycodus",0,"Santa_Cruz",17,"lycodus",12,10
"1640","SC15-11","lycodus",0,"Santa_Cruz",17,"lycodus",12,10
"1641","SC15-11","lycodus",0,"Santa_Cruz",17,"lycodus",12,10
"1642","SC15-11","lycodus",0,"Santa_Cruz",17,"lycodus",12,10
"1643","SC15-11","lycodus",0,"Santa_Cruz",17,"lycodus",12,10
"1644","SC15-11","lycodus",0,"Santa_Cruz",17,"lycodus",12,10
"1645","SC15-11","lycodus",0,"Santa_Cruz",17,"lycodus",12,10
"1646","SC15-11","lycodus",0,"Santa_Cruz",17,"lycodus",12,10
"1647","SC15-11","lycodus",0,"Santa_Cruz",17,"lycodus",12,10
"1648","SC15-11","lycodus",0,"Santa_Cruz",17,"lycodus",12,10
"1649","SC15-11","lycodus",0,"Santa_Cruz",17,"lycodus",12,10
"1650","SC15-11","lycodus",0,"Santa_Cruz",17,"lycodus",12,10
"1651","SC15-11","lycodus",0,"Santa_Cruz",17,"lycodus",12,10
"1652","SC15-11","lycodus",0,"Santa_Cruz",17,"lycodus",12,10
"1653","SC15-11","lycodus",0,"Santa_Cruz",17,"lycodus",12,10
"1654","ES-02-03","snodgrassi",1,"Espanola",35,"snodgrassi",1,1
"1655","ES-02-03","snodgrassi",1,"Espanola",35,"snodgrassi",1,1
"1656","ES-02-03","snodgrassi",0,"Espanola",35,"snodgrassi",1,1
"1657","ES-02-03","snodgrassi",0,"Espanola",35,"snodgrassi",1,1
"1658","ES-02-03","snodgrassi",0,"Espanola",35,"snodgrassi",1,1
"1659","ES-02-03","snodgrassi",0,"Espanola",35,"snodgrassi",1,1
"1660","ES-02-03","snodgrassi",0,"Espanola",35,"snodgrassi",1,1
"1661","ES-02-03","snodgrassi",0,"Espanola",35,"snodgrassi",1,1
"1662","ES-02-03","snodgrassi",0,"Espanola",35,"snodgrassi",1,1
"1663","ES-02-03","snodgrassi",0,"Espanola",35,"snodgrassi",1,1
"1664","ES-02-03","snodgrassi",0,"Espanola",35,"snodgrassi",1,1
"1665","ES-02-03","snodgrassi",0,"Espanola",35,"snodgrassi",1,1
"1666","ES-02-03","snodgrassi",0,"Espanola",35,"snodgrassi",1,1
"1667","ES-02-03","snodgrassi",0,"Espanola",35,"snodgrassi",1,1
"1668","ES-02-03","snodgrassi",0,"Espanola",35,"snodgrassi",1,1
"1669","ES-02-03","snodgrassi",0,"Espanola",35,"snodgrassi",1,1
"1670","ES-02-03","snodgrassi",0,"Espanola",35,"snodgrassi",1,1
"1671","ES-02-03","snodgrassi",0,"Espanola",35,"snodgrassi",1,1
"1672","ES-02-03","snodgrassi",0,"Espanola",35,"snodgrassi",1,1
"1673","ES-02-03","snodgrassi",0,"Espanola",35,"snodgrassi",1,1
"1674","ES-02-03","snodgrassi",0,"Espanola",35,"snodgrassi",1,1
"1675","ES-02-03","snodgrassi",0,"Espanola",35,"snodgrassi",1,1
"1676","ES-02-03","snodgrassi",0,"Espanola",35,"snodgrassi",1,1
"1677","ES-02-03","snodgrassi",0,"Espanola",35,"snodgrassi",1,1
"1678","ES-02-03","snodgrassi",0,"Espanola",35,"snodgrassi",1,1
"1679","ES-02-03","snodgrassi",0,"Espanola",35,"snodgrassi",1,1
"1680","ES-02-03","snodgrassi",0,"Espanola",35,"snodgrassi",1,1
"1681","ES-02-03","snodgrassi",0,"Espanola",35,"snodgrassi",1,1
"1682","ES-02-03","snodgrassi",0,"Espanola",35,"snodgrassi",1,1
"1683","ES-02-03","snodgrassi",0,"Espanola",35,"snodgrassi",1,1
"1684","ES-02-03","snodgrassi",0,"Espanola",35,"snodgrassi",1,1
"1685","ES-02-03","snodgrassi",0,"Espanola",35,"snodgrassi",1,1
"1686","ES-02-03","snodgrassi",0,"Espanola",35,"snodgrassi",1,1
"1687","ES-02-03","snodgrassi",0,"Espanola",35,"snodgrassi",1,1
"1688","ES-02-03","snodgrassi",0,"Espanola",35,"snodgrassi",1,1
"1689","ES-02-03","snodgrassi",0,"Espanola",35,"snodgrassi",1,1
"1690","ES-02-03","snodgrassi",0,"Espanola",35,"snodgrassi",1,1
"1691","ES-02-03","snodgrassi",0,"Espanola",35,"snodgrassi",1,1
"1692","ES-02-03","snodgrassi",0,"Espanola",35,"snodgrassi",1,1
"1693","ES-02-03","snodgrassi",0,"Espanola",35,"snodgrassi",1,1
"1694","ES-02","snodgrassi",0,"Espanola",35,"snodgrassi",1,1
"1695","ES-02","snodgrassi",0,"Espanola",35,"snodgrassi",1,1
"1696","ES-02","snodgrassi",0,"Espanola",35,"snodgrassi",1,1
"1697","ES-02","snodgrassi",0,"Espanola",35,"snodgrassi",1,1
"1698","ES-02","snodgrassi",0,"Espanola",35,"snodgrassi",1,1
"1699","ES-02","snodgrassi",0,"Espanola",35,"snodgrassi",1,1
"1700","ES-02","snodgrassi",0,"Espanola",35,"snodgrassi",1,1
"1701","ES-02","snodgrassi",0,"Espanola",35,"snodgrassi",1,1
"1702","ES-02","snodgrassi",0,"Espanola",35,"snodgrassi",1,1
"1703","ES-02","snodgrassi",0,"Espanola",35,"snodgrassi",1,1
"1704","ES-02","snodgrassi",0,"Espanola",35,"snodgrassi",1,1
"1705","PI-14","spp11",15,"Pinzon",27,"pinzonopsis",9,7
"1706","PI-14","spp11",0,"Pinzon",27,"pinzonopsis",9,7
"1707","PI-14","spp11",0,"Pinzon",27,"pinzonopsis",9,7
"1708","PI-14","spp11",0,"Pinzon",27,"pinzonopsis",9,7
"1709","PI-14","spp11",0,"Pinzon",27,"pinzonopsis",9,7
"1710","PI-14","spp11",0,"Pinzon",27,"pinzonopsis",9,7
"1711","PI-14","spp11",0,"Pinzon",27,"pinzonopsis",9,7
"1712","PI-14","spp11",0,"Pinzon",27,"pinzonopsis",9,7
"1713","PI-14","spp11",0,"Pinzon",27,"pinzonopsis",9,7
"1714","PI-14","spp11",0,"Pinzon",27,"pinzonopsis",9,7
"1715","PI-14","spp11",0,"Pinzon",27,"pinzonopsis",9,7
"1716","PI-14","spp11",0,"Pinzon",27,"pinzonopsis",9,7
"1717","PI-14","spp11",0,"Pinzon",27,"pinzonopsis",9,7
"1718","PI-14","spp11",0,"Pinzon",27,"pinzonopsis",9,7
"1719","PI-14","spp11",0,"Pinzon",27,"pinzonopsis",9,7
"1720","PI-14","spp11",0,"Pinzon",27,"pinzonopsis",9,7
"1721","PI-14","spp11",0,"Pinzon",27,"pinzonopsis",9,7
"1722","PI-14","spp11",0,"Pinzon",27,"pinzonopsis",9,7
"1723","PI-14","spp11",0,"Pinzon",27,"pinzonopsis",9,7
"1724","PI-14","spp11",0,"Pinzon",27,"pinzonopsis",9,7
"1725","PI-14","spp11",0,"Pinzon",27,"pinzonopsis",9,7
"1726","PI-14","spp11",0,"Pinzon",27,"pinzonopsis",9,7
"1727","PI-14","spp11",0,"Pinzon",27,"pinzonopsis",9,7
"1728","PI-14","spp11",0,"Pinzon",27,"pinzonopsis",9,7
"1729","PI-14","spp11",3,"Pinzon",27,"pinzonopsis",9,7
"1730","PI-14","spp11",0,"Pinzon",27,"pinzonopsis",9,7
"1731","PI-14","spp11",0,"Pinzon",27,"pinzonopsis",9,7
"1732","PI-14","spp11",0,"Pinzon",27,"pinzonopsis",9,7
"1733","PI-14","spp11",0,"Pinzon",27,"pinzonopsis",9,7
"1734","PI-14","spp11",0,"Pinzon",27,"pinzonopsis",9,7
"1735","PI-14","spp11",0,"Pinzon",27,"pinzonopsis",9,7
"1736","PI-14","spp11",0,"Pinzon",27,"pinzonopsis",9,7
"1737","PI-14","spp11",0,"Pinzon",27,"pinzonopsis",9,7
"1738","PI-14","spp11",0,"Pinzon",27,"pinzonopsis",9,7
"1739","PI-14","spp11",0,"Pinzon",27,"pinzonopsis",9,7
"1740","PI-14","spp11",0,"Pinzon",27,"pinzonopsis",9,7
"1741","PI-14","spp11",0,"Pinzon",27,"pinzonopsis",9,7
"1742","PI-14","spp11",0,"Pinzon",27,"pinzonopsis",9,7
"1743","PI-14","spp11",0,"Pinzon",27,"pinzonopsis",9,7
"1744","PI-14","spp11",0,"Pinzon",27,"pinzonopsis",9,7
"1745","PI-14","spp11",0,"Pinzon",27,"pinzonopsis",9,7
"1746","PI-14","spp11",0,"Pinzon",27,"pinzonopsis",9,7
"1747","PI-14","spp11",0,"Pinzon",27,"pinzonopsis",9,7
"1748","PI-14","spp11",0,"Pinzon",27,"pinzonopsis",9,7
"1749","PI-14","spp11",0,"Pinzon",27,"pinzonopsis",9,7
"1750","PI-14","spp11",0,"Pinzon",27,"pinzonopsis",9,7
"1751","PI-14","spp11",0,"Pinzon",27,"pinzonopsis",9,7
"1752","PI-14","spp11",0,"Pinzon",27,"pinzonopsis",9,7
"1753","PI-14","spp11",0,"Pinzon",27,"pinzonopsis",9,7
"1754","PI-14","spp11",0,"Pinzon",27,"pinzonopsis",9,7
"1755","PI-14","spp11",0,"Pinzon",27,"pinzonopsis",9,7
"1756","PI-14","spp11",0,"Pinzon",27,"pinzonopsis",9,7
"1757","PI-14","spp11",0,"Pinzon",27,"pinzonopsis",9,7
"1758","PI-14","spp11",0,"Pinzon",27,"pinzonopsis",9,7
"1759","PI12-29-1-03","spp12",0,"Pinzon",38,"sp. nov. Pinzon",9,7
"1760","PI12-29-1-04","spp12",0,"Pinzon",38,"sp. nov. Pinzon",9,7
"1761","PI12-29-1-05","spp12",90,"Pinzon",38,"sp. nov. Pinzon",9,7
"1762","PI12-29-1-01","spp12",19,"Pinzon",38,"sp. nov. Pinzon",9,7
"1763","PI12-21-1-01","spp12",12,"Pinzon",38,"sp. nov. Pinzon",9,7
"1764","PI12-29-1-02","spp12",0,"Pinzon",38,"sp. nov. Pinzon",9,7
"1765","PI12-21-1-02","spp12",0,"Pinzon",38,"sp. nov. Pinzon",9,7
"1766","PI12-21-1-03","spp12",100,"Pinzon",38,"sp. nov. Pinzon",9,7
"1767","SN1501-011-no1-xray","simrothi",8,"Isabela",34,"simrothi",6,5
"1768","SN15001-011-no5-xray","simrothi",27,"Isabela",34,"simrothi",6,5
"1769","SN1501-011-no6-xray","simrothi",0,"Isabela",34,"simrothi",6,5
"1770","SN1501-011-no3-xray","simrothi",25,"Isabela",34,"simrothi",6,5
"1771","SN1501-001-n01-xray","simrothi",5,"Isabela",34,"simrothi",6,5
"1772","SN15-03-01-02","simrothi",0,"Isabela",34,"simrothi",6,5
"1773","SN19-23-01","simrothi",0,"Isabela",34,"simrothi",6,5
"1774","SN19-23-01","simrothi",0,"Isabela",34,"simrothi",6,5
"1775","SN19-23-01","simrothi",0,"Isabela",34,"simrothi",6,5
"1776","SN19-23-01","simrothi",0,"Isabela",34,"simrothi",6,5
"1777","SN19-23-01","simrothi",0,"Isabela",34,"simrothi",6,5
"1778","SN19-20-01","simrothi",0,"Isabela",34,"simrothi",6,5
"1779","SN19-20-01","simrothi",0,"Isabela",34,"simrothi",6,5
"1780","SN19-20-01","simrothi",0,"Isabela",34,"simrothi",6,5
"1781","SN19-20-01","simrothi",0,"Isabela",34,"simrothi",6,5
"1782","SN19-20-01","simrothi",0,"Isabela",34,"simrothi",6,5
"1783","SN19-20-01","simrothi",0,"Isabela",34,"simrothi",6,5
"1784","SN05-10","tortuganus",7,"Isabela",43,"tortuganus",6,5
"1785","SN05-10","tortuganus",1,"Isabela",43,"tortuganus",6,5
"1786","SN05-10","tortuganus",0,"Isabela",43,"tortuganus",6,5
"1787","SN05-10","tortuganus",0,"Isabela",43,"tortuganus",6,5
"1788","SN05-10","tortuganus",0,"Isabela",43,"tortuganus",6,5
"1789","SN05-10","tortuganus",0,"Isabela",43,"tortuganus",6,5
"1790","SN05-10","tortuganus",0,"Isabela",43,"tortuganus",6,5
"1791","SN05-10","tortuganus",0,"Isabela",43,"tortuganus",6,5
"1792","SN05-10","tortuganus",0,"Isabela",43,"tortuganus",6,5
"1793","SN05-10","tortuganus",0,"Isabela",43,"tortuganus",6,5
"1794","SN05-10","tortuganus",0,"Isabela",43,"tortuganus",6,5
"1795","SN05-10","tortuganus",0,"Isabela",43,"tortuganus",6,5
"1796","SN05-10","tortuganus",0,"Isabela",43,"tortuganus",6,5
"1797","SN05-10","tortuganus",0,"Isabela",43,"tortuganus",6,5
"1798","SN05-10","tortuganus",0,"Isabela",43,"tortuganus",6,5
"1799","SN05-10","tortuganus",0,"Isabela",43,"tortuganus",6,5
"1800","SN05-10","tortuganus",0,"Isabela",43,"tortuganus",6,5
"1801","SN05-10","tortuganus",0,"Isabela",43,"tortuganus",6,5
"1802","SN05-10","tortuganus",0,"Isabela",43,"tortuganus",6,5
"1803","SN05-10","tortuganus",0,"Isabela",43,"tortuganus",6,5
"1804","SN05-10","tortuganus",0,"Isabela",43,"tortuganus",6,5
"1805","SN05-10","tortuganus",0,"Isabela",43,"tortuganus",6,5
"1806","SN05-10","tortuganus",0,"Isabela",43,"tortuganus",6,5
"1807","SN05-10","tortuganus",0,"Isabela",43,"tortuganus",6,5
"1808","SN05-10","tortuganus",2,"Isabela",43,"tortuganus",6,5
"1809","SN05-10","tortuganus",0,"Isabela",43,"tortuganus",6,5
"1810","SN05-10","tortuganus",0,"Isabela",43,"tortuganus",6,5
"1811","SN05-10","tortuganus",0,"Isabela",43,"tortuganus",6,5
"1812","SN05-10","tortuganus",0,"Isabela",43,"tortuganus",6,5
"1813","SN05-10","tortuganus",0,"Isabela",43,"tortuganus",6,5
"1814","SN05-10","tortuganus",0,"Isabela",43,"tortuganus",6,5
"1815","SN05-10","tortuganus",0,"Isabela",43,"tortuganus",6,5
"1816","SN05-10","tortuganus",0,"Isabela",43,"tortuganus",6,5
"1817","SN05-10","tortuganus",0,"Isabela",43,"tortuganus",6,5
"1818","SN05-10","tortuganus",0,"Isabela",43,"tortuganus",6,5
"1819","SN05-10","tortuganus",0,"Isabela",43,"tortuganus",6,5
"1820","SN19-39","tortuganus",19,"Isabela",43,"tortuganus",6,5
"1821","SN19-39","tortuganus",58,"Isabela",43,"tortuganus",6,5
"1822","SN19-39","tortuganus",22,"Isabela",43,"tortuganus",6,5
"1823","SN19-39","tortuganus",2,"Isabela",43,"tortuganus",6,5
"1824","SN19-39","tortuganus",2,"Isabela",43,"tortuganus",6,5
"1825","SN19-39","tortuganus",2,"Isabela",43,"tortuganus",6,5
"1826","SN19-39","tortuganus",22,"Isabela",43,"tortuganus",6,5
"1827","SN19-39","tortuganus",6,"Isabela",43,"tortuganus",6,5
"1828","SN19-39","tortuganus",14,"Isabela",43,"tortuganus",6,5
"1829","SN19-39","tortuganus",11,"Isabela",43,"tortuganus",6,5
"1830","SN19-39","tortuganus",0,"Isabela",43,"tortuganus",6,5
"1831","SN19-39","tortuganus",0,"Isabela",43,"tortuganus",6,5
"1832","SN19-39","tortuganus",0,"Isabela",43,"tortuganus",6,5
"1833","SN19-39","tortuganus",0,"Isabela",43,"tortuganus",6,5
"1834","SN19-12-01","albemarlensis",0,"Isabela",2,"albemarlensis",6,5
"1835","SN19-12-01","albemarlensis",0,"Isabela",2,"albemarlensis",6,5
"1836","SN19-12-01","albemarlensis",2,"Isabela",2,"albemarlensis",6,5
"1837","SN19-12-01","albemarlensis",2,"Isabela",2,"albemarlensis",6,5
"1838","SN19-12-01","albemarlensis",1,"Isabela",2,"albemarlensis",6,5
"1839","SN19-12-01","albemarlensis",0,"Isabela",2,"albemarlensis",6,5
"1840","SN19-12-01","albemarlensis",0,"Isabela",2,"albemarlensis",6,5
"1841","SN19-12-01","albemarlensis",0,"Isabela",2,"albemarlensis",6,5
"1842","SN19-12-01","albemarlensis",0,"Isabela",2,"albemarlensis",6,5
"1843","SN19-12-01","albemarlensis",0,"Isabela",2,"albemarlensis",6,5
"1844","SN19-12-01","albemarlensis",5,"Isabela",2,"albemarlensis",6,5
"1845","SN19-12-01","albemarlensis",2,"Isabela",2,"albemarlensis",6,5
"1846","SN19-12-01","albemarlensis",4,"Isabela",2,"albemarlensis",6,5
"1847","SN19-12-01","albemarlensis",0,"Isabela",2,"albemarlensis",6,5
"1848","SN19-12-01","albemarlensis",0,"Isabela",2,"albemarlensis",6,5
"1849","SN19-12-01","albemarlensis",0,"Isabela",2,"albemarlensis",6,5
"1850","SN05-06","albemarlensis",1,"Isabela",2,"albemarlensis",6,5
"1851","SN19-19","albemarlensis",0,"Isabela",2,"albemarlensis",6,5
"1852","SN19-19","albemarlensis",0,"Isabela",2,"albemarlensis",6,5
"1853","SN14-04-1-02","albemarlensis",1,"Isabela",2,"albemarlensis",6,5
"1854","SN14-04-1-1","albemarlensis",0,"Isabela",2,"albemarlensis",6,5
"1855","SN14-04-1-3","albemarlensis",0,"Isabela",2,"albemarlensis",6,5
"1856","SN14-04-1-4","albemarlensis",0,"Isabela",2,"albemarlensis",6,5
"1857","SN14-04-1-10","albemarlensis",0,"Isabela",2,"albemarlensis",6,5
"1858","SN14-04-1-9","albemarlensis",0,"Isabela",2,"albemarlensis",6,5
"1859","SN14-04-1-11","albemarlensis",0,"Isabela",2,"albemarlensis",6,5
"1860","SN14-04-1-12","albemarlensis",0,"Isabela",2,"albemarlensis",6,5
"1861","SN14-04-1-5","albemarlensis",0,"Isabela",2,"albemarlensis",6,5
"1862","SN14-04-1-7","albemarlensis",0,"Isabela",2,"albemarlensis",6,5
"1863","SN14-04-1-8","albemarlensis",0,"Isabela",2,"albemarlensis",6,5
"1864","SN15-02-01-04","albemarlensis",2,"Isabela",2,"albemarlensis",6,5
"1865","SN15-02-01-03","albemarlensis",3,"Isabela",2,"albemarlensis",6,5
"1866","SN14-05-01-06","albemarlensis",0,"Isabela",2,"albemarlensis",6,5
"1867","SN14-05-01-02","albemarlensis",0,"Isabela",2,"albemarlensis",6,5
"1868","SN15-02-01-06","albemarlensis",65,"Isabela",2,"albemarlensis",6,5
"1869","SN15-02-01-05","albemarlensis",0,"Isabela",2,"albemarlensis",6,5
"1870","SN14-05-01-03","albemarlensis",0,"Isabela",2,"albemarlensis",6,5
"1871","SN15--02-01-02","albemarlensis",0,"Isabela",2,"albemarlensis",6,5
"1872","SN14-05-01-04","albemarlensis",7,"Isabela",2,"albemarlensis",6,5
"1873","SN14-05-01-07","albemarlensis",0,"Isabela",2,"albemarlensis",6,5
"1874","SN14-05-01-10","albemarlensis",0,"Isabela",2,"albemarlensis",6,5
"1875","SN14-05-01-08","albemarlensis",5,"Isabela",2,"albemarlensis",6,5
"1876","SN19-05-01-11","albemarlensis",0,"Isabela",2,"albemarlensis",6,5
"1877","SN14-05-01-09","albemarlensis",0,"Isabela",2,"albemarlensis",6,5
"1878","SN14-04-1-11","albemarlensis",0,"Isabela",2,"albemarlensis",6,5
"1879","SN14-04-1-5","albemarlensis",1,"Isabela",2,"albemarlensis",6,5
"1880","SN14-04-1-8","albemarlensis",0,"Isabela",2,"albemarlensis",6,5
"1881","SN14-04-1-9","albemarlensis",0,"Isabela",2,"albemarlensis",6,5
"1882","SN16-03-02-12","albemarlensis",12,"Isabela",2,"albemarlensis",6,5
"1883","SN16-1-1-5","albemarlensis",7,"Isabela",2,"albemarlensis",6,5
"1884","SN15-03-01-20","simrothi",10,"Isabela",34,"simrothi",6,5
"1885","SN15-03-01-13","simrothi",1,"Isabela",34,"simrothi",6,5
"1886","SN15-03-01-06","simrothi",0,"Isabela",34,"simrothi",6,5
"1887","SN15-03-01-14","simrothi",0,"Isabela",34,"simrothi",6,5
"1888","SN15-03-01-07","simrothi",0,"Isabela",34,"simrothi",6,5
"1889","SN15-03-01-15","simrothi",8,"Isabela",34,"simrothi",6,5
"1890","SN15-03-01-08","simrothi",0,"Isabela",34,"simrothi",6,5
"1891","SN15-03-01-03","simrothi",0,"Isabela",34,"simrothi",6,5
"1892","SN15-030-01-01","simrothi",8,"Isabela",34,"simrothi",6,5
"1893","SN15-03-01-16","simrothi",0,"Isabela",34,"simrothi",6,5
"1894","SN15-03-01-09","simrothi",8,"Isabela",34,"simrothi",6,5
"1895","SN15-03-01-17","simrothi",0,"Isabela",34,"simrothi",6,5
"1896","SN15-03-01-16","simrothi",0,"Isabela",34,"simrothi",6,5
"1897","SN15-03-01-02","simrothi",2,"Isabela",34,"simrothi",6,5
"1898","SN15-03-01-05","simrothi",55,"Isabela",34,"simrothi",6,5
"1899","SN15-03-01-11","simrothi",12,"Isabela",34,"simrothi",6,5
"1900","SN15-03-01-19","simrothi",24,"Isabela",34,"simrothi",6,5
"1901","SN15-03-01-12","simrothi",0,"Isabela",34,"simrothi",6,5
"1902","SN15-03-01-04","simrothi",0,"Isabela",34,"simrothi",6,5
"1903","SN15-03-01-18","simrothi",0,"Isabela",34,"simrothi",6,5
"1904","SN19-23-01","simrothi",0,"Isabela",34,"simrothi",6,5
"1905","SN19-23-01","simrothi",0,"Isabela",34,"simrothi",6,5
"1906","SN19-23-01","simrothi",0,"Isabela",34,"simrothi",6,5
"1907","SN19-23-01","simrothi",0,"Isabela",34,"simrothi",6,5
"1908","SN19-23-01","simrothi",0,"Isabela",34,"simrothi",6,5
"1909","SN19-23-01","simrothi",0,"Isabela",34,"simrothi",6,5
"1910","SN19-20-01","simrothi",0,"Isabela",34,"simrothi",6,5
"1911","SN19-20-01","simrothi",0,"Isabela",34,"simrothi",6,5
"1912","SN19-20-01","simrothi",0,"Isabela",34,"simrothi",6,5
"1913","SN19-20-01","simrothi",1,"Isabela",34,"simrothi",6,5
"1914","SN19-20-01","simrothi",1,"Isabela",34,"simrothi",6,5
"1915","SN15-03","simrothi",0,"Isabela",34,"simrothi",6,5
"1916","SN15-03","simrothi",0,"Isabela",34,"simrothi",6,5
"1917","SN-01-011","simrothi",30,"Isabela",34,"simrothi",6,5
"1918","SN01-011","simrothi",11,"Isabela",34,"simrothi",6,5
"1919","SN01-011","simrothi",15,"Isabela",34,"simrothi",6,5
"1920","SN01-011","simrothi",5,"Isabela",34,"simrothi",6,5
"1921","PI14-masalto","spp12",64,"Pinzon",38,"sp. nov. Pinzon",9,7
"1922","PI14-masalto","spp12",3,"Pinzon",38,"sp. nov. Pinzon",9,7
"1923","PI14-masalto","spp12",0,"Pinzon",38,"sp. nov. Pinzon",9,7
"1924","PI14-masalto","spp12",0,"Pinzon",38,"sp. nov. Pinzon",9,7
"1925","PI14-masalto","spp12",0,"Pinzon",38,"sp. nov. Pinzon",9,7
"1926","PI12-29-rats","spp12",0,"Pinzon",38,"sp. nov. Pinzon",9,7
"1927","PI-allover","spp12",34,"Pinzon",38,"sp. nov. Pinzon",9,7
"1928","PI-allover","spp12",100,"Pinzon",38,"sp. nov. Pinzon",9,7
"1929","PI12-29-Frag","spp12",0,"Pinzon",38,"sp. nov. Pinzon",9,7
"1930","PI14-Cliff","spp12",0,"Pinzon",38,"sp. nov. Pinzon",9,7
"1931","PI14-Cliff","spp12",1,"Pinzon",38,"sp. nov. Pinzon",9,7
"1932","PI14-near30","spp12",0,"Pinzon",38,"sp. nov. Pinzon",9,7
"1933","unknown","eos",1,"Santa_Cruz",12,"eos",12,10
"1934","unknown","eos",1,"Santa_Cruz",12,"eos",12,10
"1935","unknown","eos",1,"Santa_Cruz",12,"eos",12,10
"1936","unknown","eos",2,"Santa_Cruz",12,"eos",12,10
"1937","unknown","eos",2,"Santa_Cruz",12,"eos",12,10
"1938","unknown","eos",3,"Santa_Cruz",12,"eos",12,10
"1939","unknown","eos",2,"Santa_Cruz",12,"eos",12,10
"1940","unknown","eos",3,"Santa_Cruz",12,"eos",12,10
"1941","unknown","eos",1,"Santa_Cruz",12,"eos",12,10
"1942","unknown","eos",3,"Santa_Cruz",12,"eos",12,10
"1943","unknown","eos",1,"Santa_Cruz",12,"eos",12,10
"1944","unknown","eos",1,"Santa_Cruz",12,"eos",12,10
"1945","unknown","eos",2,"Santa_Cruz",12,"eos",12,10
"1946","unknown","eos",2,"Santa_Cruz",12,"eos",12,10
"1947","unknown","eos",3,"Santa_Cruz",12,"eos",12,10
"1948","unknown","eos",2,"Santa_Cruz",12,"eos",12,10
"1949","unknown","eos",0,"Santa_Cruz",12,"eos",12,10
"1950","unknown","eos",0,"Santa_Cruz",12,"eos",12,10
"1951","unknown","eos",0,"Santa_Cruz",12,"eos",12,10
"1952","unknown","eos",0,"Santa_Cruz",12,"eos",12,10
"1953","unknown","eos",0,"Santa_Cruz",12,"eos",12,10
"1954","unknown","eos",0,"Santa_Cruz",12,"eos",12,10
"1955","unknown","eos",0,"Santa_Cruz",12,"eos",12,10
"1956","unknown","eos",0,"Santa_Cruz",12,"eos",12,10
"1957","unknown","eos",0,"Santa_Cruz",12,"eos",12,10
"1958","unknown","eos",0,"Santa_Cruz",12,"eos",12,10
"1959","FL18-13","invalidus",0,"Floreana",15,"invalidus",3,3
"1960","FL18-13","invalidus",0,"Floreana",15,"invalidus",3,3
"1961","FL18-13","invalidus",0,"Floreana",15,"invalidus",3,3
"1962","FL18-13","invalidus",22,"Floreana",15,"invalidus",3,3
"1963","FL18-13","invalidus",0,"Floreana",15,"invalidus",3,3
"1964","FL18-13","invalidus",0,"Floreana",15,"invalidus",3,3
"1965","FL18-13","invalidus",0,"Floreana",15,"invalidus",3,3
"1966","FL18-13","invalidus",0,"Floreana",15,"invalidus",3,3
"1967","FL18-13","invalidus",0,"Floreana",15,"invalidus",3,3
"1968","FL18-13","invalidus",0,"Floreana",15,"invalidus",3,3
"1969","FL18-13","invalidus",0,"Floreana",15,"invalidus",3,3
"1970","FL18-13","invalidus",0,"Floreana",15,"invalidus",3,3
"1971","FL18-13","invalidus",0,"Floreana",15,"invalidus",3,3
"1972","FL18-13","invalidus",0,"Floreana",15,"invalidus",3,3
"1973","FL18-13","invalidus",0,"Floreana",15,"invalidus",3,3
"1974","FL18-13","invalidus",0,"Floreana",15,"invalidus",3,3
"1975","FL18-13","invalidus",0,"Floreana",15,"invalidus",3,3
"1976","FL18-13","invalidus",0,"Floreana",15,"invalidus",3,3
"1977","FL18-13","invalidus",0,"Floreana",15,"invalidus",3,3
"1978","FL18-13","invalidus",0,"Floreana",15,"invalidus",3,3
"1979","FL18-13","invalidus",0,"Floreana",15,"invalidus",3,3
"1980","FL18-13","invalidus",0,"Floreana",15,"invalidus",3,3
"1981","FL18-13","invalidus",0,"Floreana",15,"invalidus",3,3
"1982","FL18-13","invalidus",0,"Floreana",15,"invalidus",3,3
"1983","FL18-13","invalidus",0,"Floreana",15,"invalidus",3,3
"1984","FL18-13","invalidus",0,"Floreana",15,"invalidus",3,3
"1985","FL18-13","invalidus",0,"Floreana",15,"invalidus",3,3
"1986","FL18-13","invalidus",0,"Floreana",15,"invalidus",3,3
"1987","FL18-13","invalidus",0,"Floreana",15,"invalidus",3,3
"1988","FL18-13","invalidus",0,"Floreana",15,"invalidus",3,3
"1989","FL18-13","invalidus",0,"Floreana",15,"invalidus",3,3
"1990","FL18-13","invalidus",0,"Floreana",15,"invalidus",3,3
"1991","FL18-13","invalidus",0,"Floreana",15,"invalidus",3,3
"1992","FL18-13","invalidus",0,"Floreana",15,"invalidus",3,3
"1993","FL18-13","invalidus",0,"Floreana",15,"invalidus",3,3
"1994","FL19-17","invalidus",0,"Floreana",15,"invalidus",3,3
"1995","FL19-17","invalidus",0,"Floreana",15,"invalidus",3,3
"1996","FL19-17","invalidus",0,"Floreana",15,"invalidus",3,3
"1997","FL19-17","invalidus",0,"Floreana",15,"invalidus",3,3
"1998","FL19-17","invalidus",0,"Floreana",15,"invalidus",3,3
"1999","FL19-17","invalidus",0,"Floreana",15,"invalidus",3,3
"2000","FL19-17","invalidus",0,"Floreana",15,"invalidus",3,3
"2001","FL19-17","invalidus",0,"Floreana",15,"invalidus",3,3
"2002","FL19-17","invalidus",0,"Floreana",15,"invalidus",3,3
"2003","FL19-17","invalidus",0,"Floreana",15,"invalidus",3,3
"2004","FL19-17","invalidus",0,"Floreana",15,"invalidus",3,3
"2005","FL19-17","invalidus",0,"Floreana",15,"invalidus",3,3
"2006","FL19-17","invalidus",0,"Floreana",15,"invalidus",3,3
"2007","FL19-17","invalidus",0,"Floreana",15,"invalidus",3,3
"2008","FL19-17","invalidus",0,"Floreana",15,"invalidus",3,3
"2009","FL19-17","invalidus",0,"Floreana",15,"invalidus",3,3
"2010","FL19-17","invalidus",0,"Floreana",15,"invalidus",3,3
"2011","FL19-17","invalidus",0,"Floreana",15,"invalidus",3,3
"2012","FL19-17","invalidus",0,"Floreana",15,"invalidus",3,3
"2013","FL19-17","invalidus",0,"Floreana",15,"invalidus",3,3
"2014","FL19-17","invalidus",0,"Floreana",15,"invalidus",3,3
"2015","FL19-17","invalidus",0,"Floreana",15,"invalidus",3,3
"2016","FL19-17","invalidus",0,"Floreana",15,"invalidus",3,3
"2017","FL19-17","invalidus",0,"Floreana",15,"invalidus",3,3
"2018","FL14-05","invalidus",0,"Floreana",15,"invalidus",3,3
"2019","FL14-05","invalidus",0,"Floreana",15,"invalidus",3,3
"2020","FL14-05","invalidus",0,"Floreana",15,"invalidus",3,3
"2021","FL14-05","invalidus",0,"Floreana",15,"invalidus",3,3
"2022","FL14-05","invalidus",0,"Floreana",15,"invalidus",3,3
"2023","FL14-05","invalidus",0,"Floreana",15,"invalidus",3,3
"2024","FL14-05","invalidus",0,"Floreana",15,"invalidus",3,3
"2025","FL14-05","invalidus",0,"Floreana",15,"invalidus",3,3
"2026","FL14-05","invalidus",0,"Floreana",15,"invalidus",3,3
"2027","FL14-05","invalidus",0,"Floreana",15,"invalidus",3,3
"2028","FL14-05","invalidus",0,"Floreana",15,"invalidus",3,3
"2029","FL14-05","invalidus",0,"Floreana",15,"invalidus",3,3
"2030","FL14-05","invalidus",0,"Floreana",15,"invalidus",3,3
"2031","FL14-05","invalidus",0,"Floreana",15,"invalidus",3,3
"2032","FL14-05","invalidus",0,"Floreana",15,"invalidus",3,3
"2033","FL14-05","invalidus",0,"Floreana",15,"invalidus",3,3
"2034","FL14-05","invalidus",0,"Floreana",15,"invalidus",3,3
"2035","FL14-05","invalidus",0,"Floreana",15,"invalidus",3,3
"2036","FL14-05","invalidus",0,"Floreana",15,"invalidus",3,3
"2037","FL14-05","invalidus",0,"Floreana",15,"invalidus",3,3
"2038","SA_Bomba3","rugiferus",3,"Santiago",31,"rugiferus",14,12
"2039","SA_Bomba3","rugiferus",10,"Santiago",31,"rugiferus",14,12
"2040","SA_Bomba3","rugiferus",3,"Santiago",31,"rugiferus",14,12
"2041","SA_Bomba3","rugiferus",1,"Santiago",31,"rugiferus",14,12
"2042","SA_Bomba3","rugiferus",10,"Santiago",31,"rugiferus",14,12
"2043","SA_Bomba3","rugiferus",3,"Santiago",31,"rugiferus",14,12
"2044","SA_Bomba3","rugiferus",3,"Santiago",31,"rugiferus",14,12
"2045","SA_Bomba3","rugiferus",0,"Santiago",31,"rugiferus",14,12
"2046","SA_Bomba3","rugiferus",0,"Santiago",31,"rugiferus",14,12
"2047","SA_Bomba3","rugiferus",0,"Santiago",31,"rugiferus",14,12
"2048","SA_Bomba3","rugiferus",0,"Santiago",31,"rugiferus",14,12
"2049","SA_Bomba3","rugiferus",0,"Santiago",31,"rugiferus",14,12
"2050","SA_Bomba3","rugiferus",0,"Santiago",31,"rugiferus",14,12
"2051","SA_Bomba3","rugiferus",0,"Santiago",31,"rugiferus",14,12
"2052","SA_Bomba3","rugiferus",0,"Santiago",31,"rugiferus",14,12
"2053","SA_Bomba3","rugiferus",0,"Santiago",31,"rugiferus",14,12
"2054","SA_Bomba3","rugiferus",0,"Santiago",31,"rugiferus",14,12
"2055","SA_Bomba3","rugiferus",0,"Santiago",31,"rugiferus",14,12
"2056","SA_Bomba3","rugiferus",0,"Santiago",31,"rugiferus",14,12
"2057","SA_Bomba3","rugiferus",0,"Santiago",31,"rugiferus",14,12
"2058","SA_Bomba3","rugiferus",0,"Santiago",31,"rugiferus",14,12
"2059","SA_Bomba3","rugiferus",0,"Santiago",31,"rugiferus",14,12
"2060","SA_Bomba3","rugiferus",0,"Santiago",31,"rugiferus",14,12
"2061","SA_Bomba3","rugiferus",0,"Santiago",31,"rugiferus",14,12
"2062","SA_Bomba3","rugiferus",0,"Santiago",31,"rugiferus",14,12
"2063","SA_Bomba3","rugiferus",0,"Santiago",31,"rugiferus",14,12
"2064","SA_Bomba3","rugiferus",0,"Santiago",31,"rugiferus",14,12
"2065","SA_Bomba3","rugiferus",0,"Santiago",31,"rugiferus",14,12
"2066","SA_Bomba3","rugiferus",0,"Santiago",31,"rugiferus",14,12
"2067","SA_Bomba3","rugiferus",0,"Santiago",31,"rugiferus",14,12
"2068","SA_Bomba3","rugiferus",0,"Santiago",31,"rugiferus",14,12
"2069","SA_Bomba3","rugiferus",0,"Santiago",31,"rugiferus",14,12
"2070","SA_Bomba3","rugiferus",0,"Santiago",31,"rugiferus",14,12
"2071","SA_Bomba3","rugiferus",0,"Santiago",31,"rugiferus",14,12
"2072","SA_Bomba3","rugiferus",0,"Santiago",31,"rugiferus",14,12
"2073","SA03-38","rugiferus",0,"Santiago",31,"rugiferus",14,12
"2074","SA03-38","rugiferus",0,"Santiago",31,"rugiferus",14,12
"2075","SA03-38","rugiferus",0,"Santiago",31,"rugiferus",14,12
"2076","SA03-38","rugiferus",0,"Santiago",31,"rugiferus",14,12
"2077","SA03-38","rugiferus",0,"Santiago",31,"rugiferus",14,12
"2078","SA03-38","rugiferus",0,"Santiago",31,"rugiferus",14,12
"2079","SA03-38","rugiferus",0,"Santiago",31,"rugiferus",14,12
"2080","SA03-38","rugiferus",0,"Santiago",31,"rugiferus",14,12
"2081","SA03-38","rugiferus",0,"Santiago",31,"rugiferus",14,12
"2082","SA03-38","rugiferus",0,"Santiago",31,"rugiferus",14,12
"2083","SA03-37","rugiferus",1,"Santiago",31,"rugiferus",14,12
"2084","SA03-37","rugiferus",0,"Santiago",31,"rugiferus",14,12
"2085","SA03-37","rugiferus",0,"Santiago",31,"rugiferus",14,12
"2086","SA03-37","rugiferus",0,"Santiago",31,"rugiferus",14,12
"2087","SA03-37","rugiferus",0,"Santiago",31,"rugiferus",14,12
"2088","SA03-37","rugiferus",0,"Santiago",31,"rugiferus",14,12
"2089","SA03-37","rugiferus",0,"Santiago",31,"rugiferus",14,12
"2090","SA03-37","rugiferus",0,"Santiago",31,"rugiferus",14,12
"2091","SA03-37","rugiferus",2,"Santiago",31,"rugiferus",14,12
"2092","SA03-37","rugiferus",0,"Santiago",31,"rugiferus",14,12
"2093","SA03-37","rugiferus",0,"Santiago",31,"rugiferus",14,12
"2094","SA03-37","rugiferus",0,"Santiago",31,"rugiferus",14,12
"2095","SA03-37","rugiferus",0,"Santiago",31,"rugiferus",14,12
"2096","SA03-39","rugiferus",0,"Santiago",31,"rugiferus",14,12
"2097","SA03-39","rugiferus",0,"Santiago",31,"rugiferus",14,12
"2098","SA03-39","rugiferus",0,"Santiago",31,"rugiferus",14,12
"2099","SA03-39","rugiferus",0,"Santiago",31,"rugiferus",14,12
"2100","SA03-39","rugiferus",0,"Santiago",31,"rugiferus",14,12
"2101","SA03-39","rugiferus",0,"Santiago",31,"rugiferus",14,12
"2102","SA03-39","rugiferus",0,"Santiago",31,"rugiferus",14,12
"2103","SA03-36","rugiferus",0,"Santiago",31,"rugiferus",14,12
"2104","SA01-02","rugiferus",0,"Santiago",31,"rugiferus",14,12
"2105","SA01-02","rugiferus",0,"Santiago",31,"rugiferus",14,12
"2106","SA01-02","rugiferus",0,"Santiago",31,"rugiferus",14,12
"2107","SA01-02","rugiferus",0,"Santiago",31,"rugiferus",14,12
"2108","SA01-02","rugiferus",0,"Santiago",31,"rugiferus",14,12
"2109","SA01-02","rugiferus",0,"Santiago",31,"rugiferus",14,12
"2110","SA01-02","rugiferus",20,"Santiago",31,"rugiferus",14,12
"2111","SA01-02","rugiferus",20,"Santiago",31,"rugiferus",14,12
"2112","SA01-013","rugiferus",5,"Santiago",31,"rugiferus",14,12
"2113","SA01-013","rugiferus",0,"Santiago",31,"rugiferus",14,12
"2114","SA01-013","rugiferus",0,"Santiago",31,"rugiferus",14,12
"2115","SA01-013","rugiferus",0,"Santiago",31,"rugiferus",14,12
"2116","SA01-013","rugiferus",0,"Santiago",31,"rugiferus",14,12
"2117","SA01-013","rugiferus",0,"Santiago",31,"rugiferus",14,12
"2118","SA01-013","rugiferus",0,"Santiago",31,"rugiferus",14,12
"2119","SA01-013","rugiferus",0,"Santiago",31,"rugiferus",14,12
"2120","SA01-013","rugiferus",0,"Santiago",31,"rugiferus",14,12
"2121","FL19-06","calvus",1,"Floreana",7,"calvus",3,3
"2122","FL19-06","calvus",13,"Floreana",7,"calvus",3,3
"2123","FL19-06","calvus",0,"Floreana",7,"calvus",3,3
"2124","FL19-06","calvus",0,"Floreana",7,"calvus",3,3
"2125","FL19-06","calvus",0,"Floreana",7,"calvus",3,3
"2126","FL19-06","calvus",0,"Floreana",7,"calvus",3,3
"2127","FL19-06","calvus",0,"Floreana",7,"calvus",3,3
"2128","FL19-06","calvus",0,"Floreana",7,"calvus",3,3
"2129","FL19-06","calvus",0,"Floreana",7,"calvus",3,3
"2130","FL19-06","calvus",0,"Floreana",7,"calvus",3,3
"2131","FL19-06","calvus",0,"Floreana",7,"calvus",3,3
"2132","FL19-06","calvus",0,"Floreana",7,"calvus",3,3
"2133","FL19-06","calvus",0,"Floreana",7,"calvus",3,3
"2134","FL19-06","calvus",0,"Floreana",7,"calvus",3,3
"2135","FL19-06","calvus",0,"Floreana",7,"calvus",3,3
"2136","FL19-06","calvus",0,"Floreana",7,"calvus",3,3
"2137","FL19-06","calvus",0,"Floreana",7,"calvus",3,3
"2138","FL19-06","calvus",0,"Floreana",7,"calvus",3,3
"2139","FL19-06","calvus",0,"Floreana",7,"calvus",3,3
"2140","FL19-06","calvus",0,"Floreana",7,"calvus",3,3
"2141","FL19-06","calvus",0,"Floreana",7,"calvus",3,3
"2142","FL19-06","calvus",0,"Floreana",7,"calvus",3,3
"2143","FL19-06","calvus",0,"Floreana",7,"calvus",3,3
"2144","FL19-06","calvus",0,"Floreana",7,"calvus",3,3
"2145","FL19-06","calvus",0,"Floreana",7,"calvus",3,3
"2146","FL19-06","calvus",2,"Floreana",7,"calvus",3,3
"2147","FL19-06","calvus",1,"Floreana",7,"calvus",3,3
"2148","FL19-06","calvus",1,"Floreana",7,"calvus",3,3
"2149","FL19-06","calvus",1,"Floreana",7,"calvus",3,3
"2150","FL14-06","calvus",63,"Floreana",7,"calvus",3,3
"2151","FL14-06","calvus",60,"Floreana",7,"calvus",3,3
"2152","FL14-06","calvus",100,"Floreana",7,"calvus",3,3
"2153","FL14-06","calvus",22,"Floreana",7,"calvus",3,3
"2154","FL14-06","calvus",8,"Floreana",7,"calvus",3,3
"2155","FL14-06","calvus",1,"Floreana",7,"calvus",3,3
"2156","FL14-06","calvus",18,"Floreana",7,"calvus",3,3
"2157","FL14-06","calvus",60,"Floreana",7,"calvus",3,3
"2158","FL14-06","calvus",2,"Floreana",7,"calvus",3,3
"2159","FL14-06","calvus",0,"Floreana",7,"calvus",3,3
"2160","FL14-06","calvus",0,"Floreana",7,"calvus",3,3
"2161","FL14-06","calvus",0,"Floreana",7,"calvus",3,3
"2162","FL14-06","calvus",0,"Floreana",7,"calvus",3,3
"2163","FL14-06","calvus",0,"Floreana",7,"calvus",3,3
"2164","FL14-06","calvus",0,"Floreana",7,"calvus",3,3
"2165","FL14-06","calvus",0,"Floreana",7,"calvus",3,3
"2166","FL14-06","calvus",0,"Floreana",7,"calvus",3,3
"2167","FL14-06","calvus",0,"Floreana",7,"calvus",3,3
"2168","FL14-06","calvus",0,"Floreana",7,"calvus",3,3
"2169","FL14-06","calvus",0,"Floreana",7,"calvus",3,3
"2170","FL14-06","calvus",0,"Floreana",7,"calvus",3,3
"2171","FL14-06","calvus",0,"Floreana",7,"calvus",3,3
"2172","FL14-06","calvus",0,"Floreana",7,"calvus",3,3
"2173","FL14-06","calvus",0,"Floreana",7,"calvus",3,3
"2174","FL14-06","calvus",0,"Floreana",7,"calvus",3,3
"2175","FL14-06","calvus",0,"Floreana",7,"calvus",3,3
"2176","FL14-06","calvus",0,"Floreana",7,"calvus",3,3
"2177","SL05-10","nucula",3,"San_Cristobal",19,"nucula",11,9
"2178","SL05-10","nucula",3,"San_Cristobal",19,"nucula",11,9
"2179","SL05-10","nucula",100,"San_Cristobal",19,"nucula",11,9
"2180","SL05-10","nucula",4,"San_Cristobal",19,"nucula",11,9
"2181","SL05-10","nucula",1,"San_Cristobal",19,"nucula",11,9
"2182","SL05-10","nucula",3,"San_Cristobal",19,"nucula",11,9
"2183","SL05-10","nucula",16,"San_Cristobal",19,"nucula",11,9
"2184","SL05-10","nucula",15,"San_Cristobal",19,"nucula",11,9
"2185","SL05-10","nucula",3,"San_Cristobal",19,"nucula",11,9
"2186","SL05-10","nucula",2,"San_Cristobal",19,"nucula",11,9
"2187","SL05-10","nucula",11,"San_Cristobal",19,"nucula",11,9
"2188","SL05-10","nucula",13,"San_Cristobal",19,"nucula",11,9
"2189","SL05-10","nucula",0,"San_Cristobal",19,"nucula",11,9
"2190","SL05-10","nucula",0,"San_Cristobal",19,"nucula",11,9
"2191","SL05-10","nucula",0,"San_Cristobal",19,"nucula",11,9
"2192","SL05-10","nucula",0,"San_Cristobal",19,"nucula",11,9
"2193","SL05-10","nucula",0,"San_Cristobal",19,"nucula",11,9
"2194","SL05-10","nucula",0,"San_Cristobal",19,"nucula",11,9
"2195","SL05-10","nucula",0,"San_Cristobal",19,"nucula",11,9
"2196","SL05-10","nucula",0,"San_Cristobal",19,"nucula",11,9
"2197","SL05-10","nucula",0,"San_Cristobal",19,"nucula",11,9
"2198","SL05-10","nucula",0,"San_Cristobal",19,"nucula",11,9
"2199","SL05-10","nucula",0,"San_Cristobal",19,"nucula",11,9
"2200","SL05-10","nucula",0,"San_Cristobal",19,"nucula",11,9
"2201","SL05-10","nucula",0,"San_Cristobal",19,"nucula",11,9
"2202","SL05-10","nucula",0,"San_Cristobal",19,"nucula",11,9
"2203","SL05-10","nucula",0,"San_Cristobal",19,"nucula",11,9
"2204","SL05-10","nucula",0,"San_Cristobal",19,"nucula",11,9
"2205","SL05-10","nucula",0,"San_Cristobal",19,"nucula",11,9
"2206","SL14-02","nucula",1,"San_Cristobal",19,"nucula",11,9
"2207","SL14-02","nucula",5,"San_Cristobal",19,"nucula",11,9
"2208","SL14-02","nucula",0,"San_Cristobal",19,"nucula",11,9
"2209","SL14-02","nucula",0,"San_Cristobal",19,"nucula",11,9
"2210","SL14-02","nucula",0,"San_Cristobal",19,"nucula",11,9
"2211","SL14-02","nucula",0,"San_Cristobal",19,"nucula",11,9
"2212","SL14-02","nucula",0,"San_Cristobal",19,"nucula",11,9
"2213","SL14-02","nucula",0,"San_Cristobal",19,"nucula",11,9
"2214","SL14-02","nucula",0,"San_Cristobal",19,"nucula",11,9
"2215","SL14-02","nucula",1,"San_Cristobal",19,"nucula",11,9
"2216","SL18-01","nucula",3,"San_Cristobal",19,"nucula",11,9
"2217","SL18-01","nucula",0,"San_Cristobal",19,"nucula",11,9
"2218","SL18-01","nucula",0,"San_Cristobal",19,"nucula",11,9
"2219","SL18-02","nucula",0,"San_Cristobal",19,"nucula",11,9
"2220","SL18-02","nucula",0,"San_Cristobal",19,"nucula",11,9
"2221","SL18-02","nucula",0,"San_Cristobal",19,"nucula",11,9
"2222","SL14-02-05","nucula",3,"San_Cristobal",19,"nucula",11,9
"2223","SL14-02-04","nucula",0,"San_Cristobal",19,"nucula",11,9
"2224","SL14-02-01","nucula",0,"San_Cristobal",19,"nucula",11,9
"2225","SL14-02-02","nucula",0,"San_Cristobal",19,"nucula",11,9
"2226","SL14-02-17","nucula",55,"San_Cristobal",19,"nucula",11,9
"2227","SL14-Galapaguera","canaliferus",4,"San_Cristobal",8,"canaliferus",11,9
"2228","SL14-Galapaguera","canaliferus",6,"San_Cristobal",8,"canaliferus",11,9
"2229","SL14-Galapaguera","canaliferus",11,"San_Cristobal",8,"canaliferus",11,9
"2230","SL14-Galapaguera","canaliferus",0,"San_Cristobal",8,"canaliferus",11,9
"2231","SL14-Galapaguera","canaliferus",0,"San_Cristobal",8,"canaliferus",11,9
"2232","SL14-Galapaguera","canaliferus",0,"San_Cristobal",8,"canaliferus",11,9
"2233","SL14-Galapaguera","canaliferus",0,"San_Cristobal",8,"canaliferus",11,9
"2234","SL14-Galapaguera","canaliferus",0,"San_Cristobal",8,"canaliferus",11,9
"2235","SL14-Galapaguera","canaliferus",0,"San_Cristobal",8,"canaliferus",11,9
"2236","SL14-Galapaguera","canaliferus",0,"San_Cristobal",8,"canaliferus",11,9
"2237","SL14-Galapaguera","canaliferus",0,"San_Cristobal",8,"canaliferus",11,9
"2238","SL14-Galapaguera","canaliferus",0,"San_Cristobal",8,"canaliferus",11,9
"2239","SL14-Galapaguera","canaliferus",0,"San_Cristobal",8,"canaliferus",11,9
"2240","SL14-Galapaguera","canaliferus",0,"San_Cristobal",8,"canaliferus",11,9
"2241","SL14-Galapaguera","canaliferus",0,"San_Cristobal",8,"canaliferus",11,9
"2242","SL14-Galapaguera","canaliferus",0,"San_Cristobal",8,"canaliferus",11,9
"2243","SL14-Galapaguera","canaliferus",0,"San_Cristobal",8,"canaliferus",11,9
"2244","SL14-Galapaguera","canaliferus",0,"San_Cristobal",8,"canaliferus",11,9
"2245","SL14-Galapaguera","canaliferus",0,"San_Cristobal",8,"canaliferus",11,9
"2246","SL14-Galapaguera","canaliferus",0,"San_Cristobal",8,"canaliferus",11,9
"2247","SL14-Galapaguera","canaliferus",1,"San_Cristobal",8,"canaliferus",11,9
"2248","SL01-08","canaliferus",1,"San_Cristobal",8,"canaliferus",11,9
"2249","SL01-08","canaliferus",1,"San_Cristobal",8,"canaliferus",11,9
"2250","SL01-08","canaliferus",1,"San_Cristobal",8,"canaliferus",11,9
"2251","SL01-08","canaliferus",3,"San_Cristobal",8,"canaliferus",11,9
"2252","SL01-08","canaliferus",0,"San_Cristobal",8,"canaliferus",11,9
"2253","SL01-08","canaliferus",0,"San_Cristobal",8,"canaliferus",11,9
"2254","SL01-08","canaliferus",0,"San_Cristobal",8,"canaliferus",11,9
"2255","SL01-08","canaliferus",0,"San_Cristobal",8,"canaliferus",11,9
"2256","SL01-08","canaliferus",0,"San_Cristobal",8,"canaliferus",11,9
"2257","SL01-08","canaliferus",0,"San_Cristobal",8,"canaliferus",11,9
"2258","SL01-08","canaliferus",0,"San_Cristobal",8,"canaliferus",11,9
"2259","SL01-08","canaliferus",0,"San_Cristobal",8,"canaliferus",11,9
"2260","SL01-08","canaliferus",0,"San_Cristobal",8,"canaliferus",11,9
"2261","SL01-08","canaliferus",0,"San_Cristobal",8,"canaliferus",11,9
"2262","SL01-08","canaliferus",0,"San_Cristobal",8,"canaliferus",11,9
"2263","SL01-08","canaliferus",0,"San_Cristobal",8,"canaliferus",11,9
"2264","SL01-08","canaliferus",0,"San_Cristobal",8,"canaliferus",11,9
"2265","SL01-08","canaliferus",0,"San_Cristobal",8,"canaliferus",11,9
"2266","SL01-08","canaliferus",0,"San_Cristobal",8,"canaliferus",11,9
"2267","SL01-08","canaliferus",0,"San_Cristobal",8,"canaliferus",11,9
"2268","SL01-08","canaliferus",0,"San_Cristobal",8,"canaliferus",11,9
"2269","SL01-08","canaliferus",0,"San_Cristobal",8,"canaliferus",11,9
"2270","SL01-08","canaliferus",0,"San_Cristobal",8,"canaliferus",11,9
"2271","SL01-08","canaliferus",0,"San_Cristobal",8,"canaliferus",11,9
"2272","SL01-08","canaliferus",0,"San_Cristobal",8,"canaliferus",11,9
"2273","SL01-08","canaliferus",0,"San_Cristobal",8,"canaliferus",11,9
"2274","SL01-08","canaliferus",0,"San_Cristobal",8,"canaliferus",11,9
"2275","SL01-08","canaliferus",0,"San_Cristobal",8,"canaliferus",11,9
"2276","SL01-08","canaliferus",0,"San_Cristobal",8,"canaliferus",11,9
"2277","SL01-08","canaliferus",0,"San_Cristobal",8,"canaliferus",11,9
"2278","PA18-02","spp13",100,"Pinta",37,"sp. nov. Pinta",8,6
"2279","PA18-02","spp13",1,"Pinta",37,"sp. nov. Pinta",8,6
"2280","PA18-02","spp13",10,"Pinta",37,"sp. nov. Pinta",8,6
"2281","PA18-02","spp13",2,"Pinta",37,"sp. nov. Pinta",8,6
"2282","PA18-02","spp13",40,"Pinta",37,"sp. nov. Pinta",8,6
"2283","PA18-02","spp13",12,"Pinta",37,"sp. nov. Pinta",8,6
"2284","PA18-02","spp13",1,"Pinta",37,"sp. nov. Pinta",8,6
"2285","PA18-02","spp13",100,"Pinta",37,"sp. nov. Pinta",8,6
"2286","PA18-02","spp13",17,"Pinta",37,"sp. nov. Pinta",8,6
"2287","PA18-02","spp13",90,"Pinta",37,"sp. nov. Pinta",8,6
"2288","PA18-02","spp13",3,"Pinta",37,"sp. nov. Pinta",8,6
"2289","PA18-02","spp13",0,"Pinta",37,"sp. nov. Pinta",8,6
"2290","PA18-02","spp13",0,"Pinta",37,"sp. nov. Pinta",8,6
"2291","PA18-02","spp13",0,"Pinta",37,"sp. nov. Pinta",8,6
"2292","PA18-02","spp13",0,"Pinta",37,"sp. nov. Pinta",8,6
"2293","PA18-02","spp13",0,"Pinta",37,"sp. nov. Pinta",8,6
"2294","PA18-02","spp13",0,"Pinta",37,"sp. nov. Pinta",8,6
"2295","PA18-02","spp13",0,"Pinta",37,"sp. nov. Pinta",8,6
"2296","PA18-02","spp13",0,"Pinta",37,"sp. nov. Pinta",8,6
"2297","PA18-02","spp13",0,"Pinta",37,"sp. nov. Pinta",8,6
"2298","PA18-02","spp13",0,"Pinta",37,"sp. nov. Pinta",8,6
"2299","PA18-02","spp13",0,"Pinta",37,"sp. nov. Pinta",8,6
"2300","PA18-02","spp13",0,"Pinta",37,"sp. nov. Pinta",8,6
"2301","PA18-02","spp13",0,"Pinta",37,"sp. nov. Pinta",8,6
"2302","PA18-02","spp13",0,"Pinta",37,"sp. nov. Pinta",8,6
"2303","PA18-02","spp13",0,"Pinta",37,"sp. nov. Pinta",8,6
"2304","PA18-02","spp13",0,"Pinta",37,"sp. nov. Pinta",8,6
"2305","PA18-02","spp13",6,"Pinta",37,"sp. nov. Pinta",8,6
"2306","PA18-02","spp13",3,"Pinta",37,"sp. nov. Pinta",8,6
"2307","PA18-02","spp13",4,"Pinta",37,"sp. nov. Pinta",8,6
"2308","PA18-02","spp13",7,"Pinta",37,"sp. nov. Pinta",8,6
"2309","PA18-02","spp13",1,"Pinta",37,"sp. nov. Pinta",8,6
"2310","PA18-02","spp13",2,"Pinta",37,"sp. nov. Pinta",8,6
"2311","PA18-11","spp13",0,"Pinta",37,"sp. nov. Pinta",8,6
"2312","PA18-11","spp13",0,"Pinta",37,"sp. nov. Pinta",8,6
"2313","PA18-11","spp13",0,"Pinta",37,"sp. nov. Pinta",8,6
"2314","PA18-11","spp13",0,"Pinta",37,"sp. nov. Pinta",8,6
"2315","PA18-11","spp13",0,"Pinta",37,"sp. nov. Pinta",8,6
"2316","PA18-11","spp13",0,"Pinta",37,"sp. nov. Pinta",8,6
"2317","PA18-11","spp13",0,"Pinta",37,"sp. nov. Pinta",8,6
"2318","PA18-11","spp13",0,"Pinta",37,"sp. nov. Pinta",8,6
"2319","PA18-11","spp13",0,"Pinta",37,"sp. nov. Pinta",8,6
"2320","PA18-11","spp13",0,"Pinta",37,"sp. nov. Pinta",8,6
"2321","PA18-11","spp13",0,"Pinta",37,"sp. nov. Pinta",8,6
"2322","PA18-11","spp13",0,"Pinta",37,"sp. nov. Pinta",8,6
"2323","PA18-11","spp13",0,"Pinta",37,"sp. nov. Pinta",8,6
"2324","PA18-11","spp13",0,"Pinta",37,"sp. nov. Pinta",8,6
"2325","PA18-11","spp13",0,"Pinta",37,"sp. nov. Pinta",8,6
"2326","PA18-11","spp13",0,"Pinta",37,"sp. nov. Pinta",8,6
"2327","PA18-11","spp13",0,"Pinta",37,"sp. nov. Pinta",8,6
"2328","PA18-16","spp13",21,"Pinta",37,"sp. nov. Pinta",8,6
"2329","PA18-16","spp13",24,"Pinta",37,"sp. nov. Pinta",8,6
"2330","PA18-16","spp13",2,"Pinta",37,"sp. nov. Pinta",8,6
"2331","PA18-16","spp13",32,"Pinta",37,"sp. nov. Pinta",8,6
"2332","PA18-16","spp13",10,"Pinta",37,"sp. nov. Pinta",8,6
"2333","PA18-16","spp13",4,"Pinta",37,"sp. nov. Pinta",8,6
"2334","PA18-16","spp13",3,"Pinta",37,"sp. nov. Pinta",8,6
"2335","PA18-16","spp13",1,"Pinta",37,"sp. nov. Pinta",8,6
"2336","PA18-16","spp13",1,"Pinta",37,"sp. nov. Pinta",8,6
"2337","PA18-16","spp13",0,"Pinta",37,"sp. nov. Pinta",8,6
"2338","PA18-16","spp13",0,"Pinta",37,"sp. nov. Pinta",8,6
"2339","PA18-16","spp13",0,"Pinta",37,"sp. nov. Pinta",8,6
"2340","PA18-16","spp13",0,"Pinta",37,"sp. nov. Pinta",8,6
"2341","PA18-16","spp13",0,"Pinta",37,"sp. nov. Pinta",8,6
"2342","PA18-16","spp13",0,"Pinta",37,"sp. nov. Pinta",8,6
"2343","PA18-16","spp13",0,"Pinta",37,"sp. nov. Pinta",8,6
"2344","PA18-16","spp13",0,"Pinta",37,"sp. nov. Pinta",8,6
"2345","PA18-09","spp13",70,"Pinta",37,"sp. nov. Pinta",8,6
"2346","PA18-09","spp13",67,"Pinta",37,"sp. nov. Pinta",8,6
"2347","PA18-09","spp13",80,"Pinta",37,"sp. nov. Pinta",8,6
"2348","PA18-09","spp13",17,"Pinta",37,"sp. nov. Pinta",8,6
"2349","PA18-09","spp13",13,"Pinta",37,"sp. nov. Pinta",8,6
"2350","PA18-09","spp13",29,"Pinta",37,"sp. nov. Pinta",8,6
"2351","PA18-09","spp13",80,"Pinta",37,"sp. nov. Pinta",8,6
"2352","PA18-09","spp13",24,"Pinta",37,"sp. nov. Pinta",8,6
"2353","PA18-09","spp13",16,"Pinta",37,"sp. nov. Pinta",8,6
"2354","PA18-09","spp13",11,"Pinta",37,"sp. nov. Pinta",8,6
"2355","PA18-09","spp13",18,"Pinta",37,"sp. nov. Pinta",8,6
"2356","PA18-09","spp13",8,"Pinta",37,"sp. nov. Pinta",8,6
"2357","PA18-09","spp13",38,"Pinta",37,"sp. nov. Pinta",8,6
"2358","PA18-09","spp13",0,"Pinta",37,"sp. nov. Pinta",8,6
"2359","PA18-09","spp13",0,"Pinta",37,"sp. nov. Pinta",8,6
"2360","PA18-09","spp13",0,"Pinta",37,"sp. nov. Pinta",8,6
"2361","PA18-09","spp13",0,"Pinta",37,"sp. nov. Pinta",8,6
"2362","PA18-09","spp13",0,"Pinta",37,"sp. nov. Pinta",8,6
"2363","PA18-09","spp13",0,"Pinta",37,"sp. nov. Pinta",8,6
"2364","PA18-09","spp13",0,"Pinta",37,"sp. nov. Pinta",8,6
"2365","PA18-09","spp13",0,"Pinta",37,"sp. nov. Pinta",8,6
"2366","PA18-09","spp13",0,"Pinta",37,"sp. nov. Pinta",8,6
"2367","PA18-09","spp13",0,"Pinta",37,"sp. nov. Pinta",8,6
"2368","PA18-09","spp13",0,"Pinta",37,"sp. nov. Pinta",8,6
"2369","PA18-09","spp13",0,"Pinta",37,"sp. nov. Pinta",8,6
"2370","PA18-09","spp13",0,"Pinta",37,"sp. nov. Pinta",8,6
"2371","PA18-09","spp13",0,"Pinta",37,"sp. nov. Pinta",8,6
"2372","PA18-09","spp13",0,"Pinta",37,"sp. nov. Pinta",8,6
"2373","PA18-09","spp13",0,"Pinta",37,"sp. nov. Pinta",8,6
"2374","PA18-09","spp13",0,"Pinta",37,"sp. nov. Pinta",8,6
"2375","PA18-09","spp13",0,"Pinta",37,"sp. nov. Pinta",8,6
"2376","PA18-09","spp13",0,"Pinta",37,"sp. nov. Pinta",8,6
"2377","PA18-09","spp13",0,"Pinta",37,"sp. nov. Pinta",8,6
"2378",NA,"spp14",4,"Floreana",41,"sp_nov_Champion",3,3
"2379",NA,"spp14",9,"Floreana",41,"sp_nov_Champion",3,3
"2380",NA,"spp14",1,"Floreana",41,"sp_nov_Champion",3,3
"2381",NA,"spp14",1,"Floreana",41,"sp_nov_Champion",3,3
"2382",NA,"spp14",1,"Floreana",41,"sp_nov_Champion",3,3
"2383",NA,"spp14",2,"Floreana",41,"sp_nov_Champion",3,3
"2384","CH14","spp14",0,"Floreana",41,"sp_nov_Champion",3,3
"2385","CH14-02","spp14",0,"Floreana",41,"sp_nov_Champion",3,3
"2386","CH14-02","spp14",0,"Floreana",41,"sp_nov_Champion",3,3
"2387","CH14-05","spp14",0,"Floreana",41,"sp_nov_Champion",3,3
"2388","CH14-06","spp14",0,"Floreana",41,"sp_nov_Champion",3,3
"2389","CH14-07","spp14",0,"Floreana",41,"sp_nov_Champion",3,3
"2390","CH14-08","spp14",0,"Floreana",41,"sp_nov_Champion",3,3
"2391","CH14-09","spp14",0,"Floreana",41,"sp_nov_Champion",3,3
"2392","CH14-13","spp14",0,"Floreana",41,"sp_nov_Champion",3,3
"2393","CH14-14","spp14",0,"Floreana",41,"sp_nov_Champion",3,3
"2394","CH14-15","spp14",0,"Floreana",41,"sp_nov_Champion",3,3
"2395","GA14-04","spp15",20,"Gardner",32,"rugulosus",4,4
"2396","GA14-20","spp15",1,"Gardner",32,"rugulosus",4,4
"2397","GA14-02","spp15",1,"Gardner",32,"rugulosus",4,4
"2398","GA14-17","spp15",21,"Gardner",32,"rugulosus",4,4
"2399","GA14-15","spp15",3,"Gardner",32,"rugulosus",4,4
"2400","GA14","spp15",0,"Gardner",32,"rugulosus",4,4
"2401","GA14","spp15",0,"Gardner",32,"rugulosus",4,4
"2402","GA14","spp15",0,"Gardner",32,"rugulosus",4,4
"2403","GA14","spp15",0,"Gardner",32,"rugulosus",4,4
"2404","GA14","spp15",0,"Gardner",32,"rugulosus",4,4
"2405","GA14","spp15",0,"Gardner",32,"rugulosus",4,4
"2406","GA14","spp15",0,"Gardner",32,"rugulosus",4,4
"2407","GA14","spp15",0,"Gardner",32,"rugulosus",4,4
"2408","GA14","spp15",0,"Gardner",32,"rugulosus",4,4
"2409","GA14","spp15",0,"Gardner",32,"rugulosus",4,4
"2410","GA14","spp15",0,"Gardner",32,"rugulosus",4,4
"2411","GA14","spp15",0,"Gardner",32,"rugulosus",4,4
"2412","GA14","spp15",0,"Gardner",32,"rugulosus",4,4
"2413","GA14","spp15",0,"Gardner",32,"rugulosus",4,4
"2414","SC-GA15","akamatus",0,"Santa_Cruz",1,"akamatus",12,10
"2415",NA,"akamatus",0,"Santa_Cruz",1,"akamatus",12,10
"2416",NA,"akamatus",0,"Santa_Cruz",1,"akamatus",12,10
"2417",NA,"akamatus",0,"Santa_Cruz",1,"akamatus",12,10
"2418",NA,"akamatus",0,"Santa_Cruz",1,"akamatus",12,10
"2419",NA,"akamatus",0,"Santa_Cruz",1,"akamatus",12,10
"2420",NA,"akamatus",0,"Santa_Cruz",1,"akamatus",12,10
"2421",NA,"akamatus",0,"Santa_Cruz",1,"akamatus",12,10
"2422",NA,"akamatus",0,"Santa_Cruz",1,"akamatus",12,10
"2423",NA,"akamatus",0,"Santa_Cruz",1,"akamatus",12,10
"2424",NA,"akamatus",0,"Santa_Cruz",1,"akamatus",12,10
"2425",NA,"akamatus",20,"Santa_Cruz",1,"akamatus",12,10
"2426",NA,"akamatus",0,"Santa_Cruz",1,"akamatus",12,10
"2427",NA,"akamatus",3,"Santa_Cruz",1,"akamatus",12,10
"2428",NA,"akamatus",0,"Santa_Cruz",1,"akamatus",12,10
"2429",NA,"akamatus",0,"Santa_Cruz",1,"akamatus",12,10
"2430",NA,"akamatus",1,"Santa_Cruz",1,"akamatus",12,10
"2431",NA,"akamatus",0,"Santa_Cruz",1,"akamatus",12,10
"2432",NA,"akamatus",0,"Santa_Cruz",1,"akamatus",12,10
"2433",NA,"akamatus",0,"Santa_Cruz",1,"akamatus",12,10
"2434",NA,"akamatus",0,"Santa_Cruz",1,"akamatus",12,10
"2435",NA,"akamatus",0,"Santa_Cruz",1,"akamatus",12,10
"2436",NA,"akamatus",0,"Santa_Cruz",1,"akamatus",12,10
"2437",NA,"akamatus",0,"Santa_Cruz",1,"akamatus",12,10
"2438",NA,"akamatus",1,"Santa_Cruz",1,"akamatus",12,10
"2439",NA,"akamatus",8,"Santa_Cruz",1,"akamatus",12,10
"2440",NA,"akamatus",0,"Santa_Cruz",1,"akamatus",12,10
"2441",NA,"akamatus",0,"Santa_Cruz",1,"akamatus",12,10
"2442",NA,"akamatus",3,"Santa_Cruz",1,"akamatus",12,10
"2443",NA,"akamatus",20,"Santa_Cruz",1,"akamatus",12,10
"2444",NA,"akamatus",0,"Santa_Cruz",1,"akamatus",12,10
"2445",NA,"akamatus",0,"Santa_Cruz",1,"akamatus",12,10
"2446",NA,"akamatus",31,"Santa_Cruz",1,"akamatus",12,10
"2447",NA,"akamatus",1,"Santa_Cruz",1,"akamatus",12,10
"2448","SC-01-GRojo1","lycodus",26,"Santa_Cruz",17,"lycodus",12,10
"2449","SC-01-GRojo1","lycodus",3,"Santa_Cruz",17,"lycodus",12,10
"2450","SC-01-GRojo1","lycodus",2,"Santa_Cruz",17,"lycodus",12,10
"2451","SC-01-GRojo1","lycodus",2,"Santa_Cruz",17,"lycodus",12,10
"2452","SC-01-GRojo1","lycodus",0,"Santa_Cruz",17,"lycodus",12,10
"2453","SC-01-GRojo1","lycodus",0,"Santa_Cruz",17,"lycodus",12,10
"2454","SC-01-GRojo1","lycodus",0,"Santa_Cruz",17,"lycodus",12,10
"2455","SC-01-GRojo1","lycodus",0,"Santa_Cruz",17,"lycodus",12,10
"2456","SC-01-GRojo1","lycodus",0,"Santa_Cruz",17,"lycodus",12,10
"2457","SC-01-GRojo1","lycodus",0,"Santa_Cruz",17,"lycodus",12,10
"2458","SC-01-GRojo1","lycodus",0,"Santa_Cruz",17,"lycodus",12,10
"2459","SC15-11","lycodus",1,"Santa_Cruz",17,"lycodus",12,10
"2460","SC15-11","lycodus",2,"Santa_Cruz",17,"lycodus",12,10
"2461","SC15-11","lycodus",2,"Santa_Cruz",17,"lycodus",12,10
"2462","SC15-11","lycodus",5,"Santa_Cruz",17,"lycodus",12,10
"2463","SC15-11","lycodus",0,"Santa_Cruz",17,"lycodus",12,10
"2464","SC15-11","lycodus",0,"Santa_Cruz",17,"lycodus",12,10
"2465","SC15-11","lycodus",0,"Santa_Cruz",17,"lycodus",12,10
"2466","SC15-11","lycodus",0,"Santa_Cruz",17,"lycodus",12,10
"2467","SC15-11","lycodus",0,"Santa_Cruz",17,"lycodus",12,10
"2468","SC15-11","lycodus",2,"Santa_Cruz",17,"lycodus",12,10
"2469","SC15-11","lycodus",0,"Santa_Cruz",17,"lycodus",12,10
"2470","SC15-11","lycodus",0,"Santa_Cruz",17,"lycodus",12,10
"2471","SC15-11","lycodus",0,"Santa_Cruz",17,"lycodus",12,10
"2472","SC15-11","lycodus",0,"Santa_Cruz",17,"lycodus",12,10
"2473","SC15-11","lycodus",4,"Santa_Cruz",17,"lycodus",12,10
"2474","SC15-11","lycodus",2,"Santa_Cruz",17,"lycodus",12,10
"2475","SC15-11","lycodus",4,"Santa_Cruz",17,"lycodus",12,10
"2476","SC15-11","lycodus",0,"Santa_Cruz",17,"lycodus",12,10
"2477","SC15-11","lycodus",0,"Santa_Cruz",17,"lycodus",12,10
"2478","SC15-11","lycodus",0,"Santa_Cruz",17,"lycodus",12,10
"2479","SC15-11","lycodus",0,"Santa_Cruz",17,"lycodus",12,10
"2480","SC-GR01","lycodus",3,"Santa_Cruz",17,"lycodus",12,10
"2481","SC-GR01","lycodus",4,"Santa_Cruz",17,"lycodus",12,10
"2482","SC-GR01","lycodus",0,"Santa_Cruz",17,"lycodus",12,10
"2483","SC-GR01","lycodus",0,"Santa_Cruz",17,"lycodus",12,10
"2484","SC-GR01","lycodus",0,"Santa_Cruz",17,"lycodus",12,10
"2485","SC-GR01","lycodus",0,"Santa_Cruz",17,"lycodus",12,10
"2486","SC-GR01","lycodus",0,"Santa_Cruz",17,"lycodus",12,10
"2487","SC-GR01","lycodus",0,"Santa_Cruz",17,"lycodus",12,10
"2488","SC-GR01","lycodus",0,"Santa_Cruz",17,"lycodus",12,10
"2489","SC-GR01","lycodus",0,"Santa_Cruz",17,"lycodus",12,10
"2490","SC-GR01","lycodus",0,"Santa_Cruz",17,"lycodus",12,10
"2491","SC-GR01","lycodus",0,"Santa_Cruz",17,"lycodus",12,10
"2492","SC-GR01","lycodus",0,"Santa_Cruz",17,"lycodus",12,10
"2493","SC15-GRojo","lycodus",3,"Santa_Cruz",17,"lycodus",12,10
"2494","SC Gemelos","lycodus",0,"Santa_Cruz",17,"lycodus",12,10
"2495","SC Gemelos","lycodus",0,"Santa_Cruz",17,"lycodus",12,10
"2496","SC Gemelos","lycodus",0,"Santa_Cruz",17,"lycodus",12,10
"2497","SC Gemelos","lycodus",0,"Santa_Cruz",17,"lycodus",12,10
"2498","SC Gemelos","lycodus",0,"Santa_Cruz",17,"lycodus",12,10
"2499","SC Gemelos","lycodus",15,"Santa_Cruz",17,"lycodus",12,10
"2500","SC Gemelos","lycodus",0,"Santa_Cruz",17,"lycodus",12,10
"2501","SC Gemelos","lycodus",0,"Santa_Cruz",17,"lycodus",12,10
"2502","SC Gemelos","lycodus",0,"Santa_Cruz",17,"lycodus",12,10
"2503","SC Gemelos","lycodus",0,"Santa_Cruz",17,"lycodus",12,10
"2504","SC Gemelos","lycodus",0,"Santa_Cruz",17,"lycodus",12,10
"2505","SC Gemelos","lycodus",0,"Santa_Cruz",17,"lycodus",12,10
"2506","SC Gemelos","lycodus",0,"Santa_Cruz",17,"lycodus",12,10
"2507","SC14-2-CuevaBellavista","lycodus",37,"Santa_Cruz",17,"lycodus",12,10
"2508","SC14-2-CuevaBellavista","lycodus",8,"Santa_Cruz",17,"lycodus",12,10
"2509","SC14-2-CuevaBellavista","lycodus",0,"Santa_Cruz",17,"lycodus",12,10
"2510","SC14-2-CuevaBellavista","lycodus",0,"Santa_Cruz",17,"lycodus",12,10
"2511","SC14-2-CuevaBellavista","lycodus",0,"Santa_Cruz",17,"lycodus",12,10
"2512","SC14-2-CuevaBellavista","lycodus",0,"Santa_Cruz",17,"lycodus",12,10
"2513","SL17-14","amastroides",2,"San_Cristobal",3,"amastroides",11,9
"2514","SL17-14","amastroides",1,"San_Cristobal",3,"amastroides",11,9
"2515","SL17-14","amastroides",1,"San_Cristobal",3,"amastroides",11,9
"2516","SL17-14","amastroides",1,"San_Cristobal",3,"amastroides",11,9
"2517","SL17-14","amastroides",1,"San_Cristobal",3,"amastroides",11,9
"2518","SL17-14","amastroides",0,"San_Cristobal",3,"amastroides",11,9
"2519","SL17-14","amastroides",0,"San_Cristobal",3,"amastroides",11,9
"2520","SL17-14","amastroides",0,"San_Cristobal",3,"amastroides",11,9
"2521","SL17-14","amastroides",0,"San_Cristobal",3,"amastroides",11,9
"2522","SL17-14","amastroides",0,"San_Cristobal",3,"amastroides",11,9
"2523","SL17-14","amastroides",0,"San_Cristobal",3,"amastroides",11,9
"2524","SL17-14","amastroides",0,"San_Cristobal",3,"amastroides",11,9
"2525","SL17-14","amastroides",0,"San_Cristobal",3,"amastroides",11,9
"2526","SL17-14","amastroides",0,"San_Cristobal",3,"amastroides",11,9
"2527","SL17-14","amastroides",0,"San_Cristobal",3,"amastroides",11,9
"2528","SL17-14","amastroides",0,"San_Cristobal",3,"amastroides",11,9
"2529","SL17-14","amastroides",0,"San_Cristobal",3,"amastroides",11,9
"2530","SL17-14","amastroides",0,"San_Cristobal",3,"amastroides",11,9
"2531","SL17-14","amastroides",0,"San_Cristobal",3,"amastroides",11,9
"2532","SL17-14","amastroides",0,"San_Cristobal",3,"amastroides",11,9
"2533","SL17-02","chemnitzioides",0,"San_Cristobal",10,"chemnitzioides",11,9
"2534","SL17-02","chemnitzioides",0,"San_Cristobal",10,"chemnitzioides",11,9
"2535","SL17-02","chemnitzioides",0,"San_Cristobal",10,"chemnitzioides",11,9
"2536","SL17-02","chemnitzioides",0,"San_Cristobal",10,"chemnitzioides",11,9
"2537","SL17-02","chemnitzioides",0,"San_Cristobal",10,"chemnitzioides",11,9
"2538","SL17-02","chemnitzioides",0,"San_Cristobal",10,"chemnitzioides",11,9
"2539","SL17-02","chemnitzioides",0,"San_Cristobal",10,"chemnitzioides",11,9
"2540","SL17-02","chemnitzioides",0,"San_Cristobal",10,"chemnitzioides",11,9
"2541","SL17-02","chemnitzioides",0,"San_Cristobal",10,"chemnitzioides",11,9
"2542","SL17-02","chemnitzioides",0,"San_Cristobal",10,"chemnitzioides",11,9
"2543","SL17-02","chemnitzioides",0,"San_Cristobal",10,"chemnitzioides",11,9
"2544","SL17-02","chemnitzioides",0,"San_Cristobal",10,"chemnitzioides",11,9
"2545","SL17-02","chemnitzioides",0,"San_Cristobal",10,"chemnitzioides",11,9
"2546","SL17-02","chemnitzioides",0,"San_Cristobal",10,"chemnitzioides",11,9
"2547","SL17-02","chemnitzioides",60,"San_Cristobal",10,"chemnitzioides",11,9
"2548","SL17-02","chemnitzioides",30,"San_Cristobal",10,"chemnitzioides",11,9
"2549","SL17-02","chemnitzioides",4,"San_Cristobal",10,"chemnitzioides",11,9
"2550","SL17-02","chemnitzioides",2,"San_Cristobal",10,"chemnitzioides",11,9
"2551","SL17-02","chemnitzioides",3,"San_Cristobal",10,"chemnitzioides",11,9
"2552","SL17-02","chemnitzioides",6,"San_Cristobal",10,"chemnitzioides",11,9
"2553","SL17-02","chemnitzioides",0,"San_Cristobal",10,"chemnitzioides",11,9
"2554","SL17-02","chemnitzioides",0,"San_Cristobal",10,"chemnitzioides",11,9
"2555","SL17-02","chemnitzioides",0,"San_Cristobal",10,"chemnitzioides",11,9
"2556","SL17-02","chemnitzioides",0,"San_Cristobal",10,"chemnitzioides",11,9
"2557","SL17-02","chemnitzioides",0,"San_Cristobal",10,"chemnitzioides",11,9
"2558","SL17-02","chemnitzioides",0,"San_Cristobal",10,"chemnitzioides",11,9
"2559","SL17-02","chemnitzioides",0,"San_Cristobal",10,"chemnitzioides",11,9
"2560","SL17-02","chemnitzioides",0,"San_Cristobal",10,"chemnitzioides",11,9
"2561","SL17-02","chemnitzioides",0,"San_Cristobal",10,"chemnitzioides",11,9
"2562","SL17-02","chemnitzioides",0,"San_Cristobal",10,"chemnitzioides",11,9
"2563","SL05-04","chemnitzioides",0,"San_Cristobal",10,"chemnitzioides",11,9
"2564","SL05-04","chemnitzioides",0,"San_Cristobal",10,"chemnitzioides",11,9
"2565","SL05-04","chemnitzioides",0,"San_Cristobal",10,"chemnitzioides",11,9
"2566","SL05-04","chemnitzioides",0,"San_Cristobal",10,"chemnitzioides",11,9
"2567","SL05-04","chemnitzioides",0,"San_Cristobal",10,"chemnitzioides",11,9
"2568","SL05-04","chemnitzioides",0,"San_Cristobal",10,"chemnitzioides",11,9
"2569","SL05-04","chemnitzioides",0,"San_Cristobal",10,"chemnitzioides",11,9
"2570","SL05-04","chemnitzioides",0,"San_Cristobal",10,"chemnitzioides",11,9
"2571","SL05-04","chemnitzioides",0,"San_Cristobal",10,"chemnitzioides",11,9
"2572","SL05-04","chemnitzioides",0,"San_Cristobal",10,"chemnitzioides",11,9
"2573","SL05-04","chemnitzioides",0,"San_Cristobal",10,"chemnitzioides",11,9
"2574","SL05-04","chemnitzioides",0,"San_Cristobal",10,"chemnitzioides",11,9
"2575","SL05-04","chemnitzioides",0,"San_Cristobal",10,"chemnitzioides",11,9
"2576","SL05-04","chemnitzioides",0,"San_Cristobal",10,"chemnitzioides",11,9
"2577","SL-05-01","chemnitzioides",3,"San_Cristobal",10,"chemnitzioides",11,9
"2578","SL-05-01","chemnitzioides",2,"San_Cristobal",10,"chemnitzioides",11,9
"2579","SL-05-01","chemnitzioides",6,"San_Cristobal",10,"chemnitzioides",11,9
"2580","SL-05-01","chemnitzioides",0,"San_Cristobal",10,"chemnitzioides",11,9
"2581","SL-05-01","chemnitzioides",0,"San_Cristobal",10,"chemnitzioides",11,9
"2582","SL-05-01","chemnitzioides",0,"San_Cristobal",10,"chemnitzioides",11,9
"2583","SL-05-01","chemnitzioides",0,"San_Cristobal",10,"chemnitzioides",11,9
"2584","SL-05-01","chemnitzioides",0,"San_Cristobal",10,"chemnitzioides",11,9
"2585","SL-05-01","chemnitzioides",0,"San_Cristobal",10,"chemnitzioides",11,9
"2586","SL-05-01","chemnitzioides",0,"San_Cristobal",10,"chemnitzioides",11,9
"2587","SL-05-01","chemnitzioides",0,"San_Cristobal",10,"chemnitzioides",11,9
"2588","SL-05-01","chemnitzioides",0,"San_Cristobal",10,"chemnitzioides",11,9
"2589","SL-05-01","chemnitzioides",0,"San_Cristobal",10,"chemnitzioides",11,9
"2590","SL-05-01","chemnitzioides",0,"San_Cristobal",10,"chemnitzioides",11,9
"2591","SL-05-01","chemnitzioides",0,"San_Cristobal",10,"chemnitzioides",11,9
"2592","SL-05-01","chemnitzioides",0,"San_Cristobal",10,"chemnitzioides",11,9
"2593","SL-05-01","chemnitzioides",0,"San_Cristobal",10,"chemnitzioides",11,9
"2594","SL-05-01","chemnitzioides",0,"San_Cristobal",10,"chemnitzioides",11,9
"2595","SL-05-01","chemnitzioides",0,"San_Cristobal",10,"chemnitzioides",11,9
"2596","SL-05-01","chemnitzioides",0,"San_Cristobal",10,"chemnitzioides",11,9
"2597","SL-05-01","chemnitzioides",0,"San_Cristobal",10,"chemnitzioides",11,9
"2598","SL-05-01","chemnitzioides",0,"San_Cristobal",10,"chemnitzioides",11,9
"2599","SL-05-01","chemnitzioides",0,"San_Cristobal",10,"chemnitzioides",11,9
"2600","SL-05-01","chemnitzioides",0,"San_Cristobal",10,"chemnitzioides",11,9
"2601","SL-05-01","chemnitzioides",0,"San_Cristobal",10,"chemnitzioides",11,9
"2602","SL-05-01","chemnitzioides",0,"San_Cristobal",10,"chemnitzioides",11,9
"2603","SL-05-01","chemnitzioides",0,"San_Cristobal",10,"chemnitzioides",11,9
"2604","SL-05-01","chemnitzioides",0,"San_Cristobal",10,"chemnitzioides",11,9
"2605","SL-05-01","chemnitzioides",0,"San_Cristobal",10,"chemnitzioides",11,9
"2606","SL-05-01","chemnitzioides",0,"San_Cristobal",10,"chemnitzioides",11,9
"2607","SL-05-01","chemnitzioides",0,"San_Cristobal",10,"chemnitzioides",11,9
"2608","SL-05-01","chemnitzioides",0,"San_Cristobal",10,"chemnitzioides",11,9
"2609","SL-05-01","chemnitzioides",0,"San_Cristobal",10,"chemnitzioides",11,9
"2610","SL-05-01","chemnitzioides",0,"San_Cristobal",10,"chemnitzioides",11,9
"2611","SL-05-01","chemnitzioides",0,"San_Cristobal",10,"chemnitzioides",11,9
"2612","SL-05-01","chemnitzioides",0,"San_Cristobal",10,"chemnitzioides",11,9
"2613","SL-05-01","chemnitzioides",0,"San_Cristobal",10,"chemnitzioides",11,9
"2614","SL-05-01","chemnitzioides",0,"San_Cristobal",10,"chemnitzioides",11,9
"2615","SL-05-01","chemnitzioides",0,"San_Cristobal",10,"chemnitzioides",11,9
"2616","SL-05-01","chemnitzioides",0,"San_Cristobal",10,"chemnitzioides",11,9
"2617","SL-05-01","chemnitzioides",0,"San_Cristobal",10,"chemnitzioides",11,9
"2618","SL-05-01","chemnitzioides",0,"San_Cristobal",10,"chemnitzioides",11,9
"2619","SL-05-01","chemnitzioides",0,"San_Cristobal",10,"chemnitzioides",11,9
"2620","SL-05-01","chemnitzioides",0,"San_Cristobal",10,"chemnitzioides",11,9
"2621","SL-05-01","chemnitzioides",0,"San_Cristobal",10,"chemnitzioides",11,9
"2622","SL19-03","eschariferus",1,"San_Cristobal",13,"eschariferus",11,9
"2623","SL19-03","eschariferus",0,"San_Cristobal",13,"eschariferus",11,9
"2624","SL19-03","eschariferus",0,"San_Cristobal",13,"eschariferus",11,9
"2625","SL19-03","eschariferus",0,"San_Cristobal",13,"eschariferus",11,9
"2626","SL19-03","eschariferus",0,"San_Cristobal",13,"eschariferus",11,9
"2627","SL19-03","eschariferus",0,"San_Cristobal",13,"eschariferus",11,9
"2628","SL19-03","eschariferus",0,"San_Cristobal",13,"eschariferus",11,9
"2629","sl19-9","eschariferus",1,"San_Cristobal",13,"eschariferus",11,9
"2630","sl19-9","eschariferus",30,"San_Cristobal",13,"eschariferus",11,9
"2631","sl19-9","eschariferus",29,"San_Cristobal",13,"eschariferus",11,9
"2632","sl19-9","eschariferus",0,"San_Cristobal",13,"eschariferus",11,9
"2633","sl19-9","eschariferus",0,"San_Cristobal",13,"eschariferus",11,9
"2634","sl19-9","eschariferus",0,"San_Cristobal",13,"eschariferus",11,9
"2635","sl19-9","eschariferus",0,"San_Cristobal",13,"eschariferus",11,9
"2636","sl19-9","eschariferus",3,"San_Cristobal",13,"eschariferus",11,9
"2637","sl19-9","eschariferus",2,"San_Cristobal",13,"eschariferus",11,9
"2638","sl19-9","eschariferus",21,"San_Cristobal",13,"eschariferus",11,9
"2639","sl19-9","eschariferus",0,"San_Cristobal",13,"eschariferus",11,9
"2640","sl19-9","eschariferus",0,"San_Cristobal",13,"eschariferus",11,9
"2641","sl19-9","eschariferus",0,"San_Cristobal",13,"eschariferus",11,9
"2642","sl19-9","eschariferus",0,"San_Cristobal",13,"eschariferus",11,9
"2643","sl19-9","eschariferus",0,"San_Cristobal",13,"eschariferus",11,9
"2644","sl19-9","eschariferus",0,"San_Cristobal",13,"eschariferus",11,9
"2645","sl19-9","eschariferus",0,"San_Cristobal",13,"eschariferus",11,9
"2646","SL05-02","perspectivus",4,"San_Cristobal",25,"perspectivus",11,9
"2647","SL05-02","perspectivus",7,"San_Cristobal",25,"perspectivus",11,9
"2648","SL05-02","perspectivus",0,"San_Cristobal",25,"perspectivus",11,9
"2649","SL05-02","perspectivus",0,"San_Cristobal",25,"perspectivus",11,9
"2650","SL05-02","perspectivus",0,"San_Cristobal",25,"perspectivus",11,9
"2651","SL05-02","perspectivus",0,"San_Cristobal",25,"perspectivus",11,9
"2652","SL05-02","perspectivus",0,"San_Cristobal",25,"perspectivus",11,9
"2653","SL05-02","perspectivus",0,"San_Cristobal",25,"perspectivus",11,9
"2654","SL05-02","perspectivus",0,"San_Cristobal",25,"perspectivus",11,9
"2655","SL05-02","perspectivus",0,"San_Cristobal",25,"perspectivus",11,9
"2656","SL05-02","perspectivus",0,"San_Cristobal",25,"perspectivus",11,9
"2657","SL05-02","perspectivus",0,"San_Cristobal",25,"perspectivus",11,9
"2658","SL05-02","perspectivus",0,"San_Cristobal",25,"perspectivus",11,9
"2659","SL05-02","perspectivus",0,"San_Cristobal",25,"perspectivus",11,9
"2660","SL05-02","perspectivus",25,"San_Cristobal",25,"perspectivus",11,9
"2661","SL05-01","perspectivus",5,"San_Cristobal",25,"perspectivus",11,9
"2662","SL05-01","perspectivus",2,"San_Cristobal",25,"perspectivus",11,9
"2663","SL05-01","perspectivus",1,"San_Cristobal",25,"perspectivus",11,9
"2664","SL05-01","perspectivus",2,"San_Cristobal",25,"perspectivus",11,9
"2665","SL05-01","perspectivus",1,"San_Cristobal",25,"perspectivus",11,9
"2666","SL05-01","perspectivus",3,"San_Cristobal",25,"perspectivus",11,9
"2667","SL05-01","perspectivus",3,"San_Cristobal",25,"perspectivus",11,9
"2668","SL05-01","perspectivus",18,"San_Cristobal",25,"perspectivus",11,9
"2669","SL05-01","perspectivus",30,"San_Cristobal",25,"perspectivus",11,9
"2670","SL05-01","perspectivus",2,"San_Cristobal",25,"perspectivus",11,9
"2671","SL05-01","perspectivus",20,"San_Cristobal",25,"perspectivus",11,9
"2672","SL05-01","perspectivus",0,"San_Cristobal",25,"perspectivus",11,9
"2673","SL05-01","perspectivus",0,"San_Cristobal",25,"perspectivus",11,9
"2674","SL05-01","perspectivus",0,"San_Cristobal",25,"perspectivus",11,9
"2675","SL05-01","perspectivus",0,"San_Cristobal",25,"perspectivus",11,9
"2676","SL05-01","perspectivus",0,"San_Cristobal",25,"perspectivus",11,9
"2677","SL05-01","perspectivus",0,"San_Cristobal",25,"perspectivus",11,9
"2678","SL05-01","perspectivus",0,"San_Cristobal",25,"perspectivus",11,9
"2679","SL05-01","perspectivus",0,"San_Cristobal",25,"perspectivus",11,9
"2680","SL05-01","perspectivus",0,"San_Cristobal",25,"perspectivus",11,9
"2681","SL05-01","perspectivus",0,"San_Cristobal",25,"perspectivus",11,9
"2682","SL05-01","perspectivus",0,"San_Cristobal",25,"perspectivus",11,9
"2683","SN19-34","tortuganus",6,"Isabela",43,"tortuganus",6,5
"2684","SN19-34","tortuganus",2,"Isabela",43,"tortuganus",6,5
"2685","SN19-34","tortuganus",8,"Isabela",43,"tortuganus",6,5
"2686","SN19-34","tortuganus",6,"Isabela",43,"tortuganus",6,5
"2687","SN19-34","tortuganus",3,"Isabela",43,"tortuganus",6,5
"2688","SN19-34","tortuganus",0,"Isabela",43,"tortuganus",6,5
"2689","SN19-34","tortuganus",0,"Isabela",43,"tortuganus",6,5
"2690","SN19-34","tortuganus",0,"Isabela",43,"tortuganus",6,5
"2691","SN19-34","tortuganus",0,"Isabela",43,"tortuganus",6,5
"2692","SN19-34","tortuganus",0,"Isabela",43,"tortuganus",6,5
"2693","SN19-34","tortuganus",0,"Isabela",43,"tortuganus",6,5
"2694","SN19-34","tortuganus",0,"Isabela",43,"tortuganus",6,5
"2695","SN19-35","tortuganus",0,"Isabela",43,"tortuganus",6,5
"2696","SN19-35","tortuganus",0,"Isabela",43,"tortuganus",6,5
"2697","SN19-35","tortuganus",0,"Isabela",43,"tortuganus",6,5
"2698","SN19-35","tortuganus",0,"Isabela",43,"tortuganus",6,5
"2699","SN19-35","tortuganus",0,"Isabela",43,"tortuganus",6,5
"2700","FL14-06","nux",2,"Floreana",20,"nux",3,3
"2701","FL14-06","nux",2,"Floreana",20,"nux",3,3
"2702","FL14-06","nux",1,"Floreana",20,"nux",3,3
"2703","FL14-06","nux",1,"Floreana",20,"nux",3,3
"2704","FL14-06","nux",0,"Floreana",20,"nux",3,3
"2705","FL14-06","nux",0,"Floreana",20,"nux",3,3
"2706","FL14-06","nux",0,"Floreana",20,"nux",3,3
"2707","FL14-06","nux",0,"Floreana",20,"nux",3,3
"2708","FL14-06","nux",0,"Floreana",20,"nux",3,3
"2709","FL14-06","nux",0,"Floreana",20,"nux",3,3
"2710","FL14-06","nux",0,"Floreana",20,"nux",3,3
"2711","FL14-06","nux",0,"Floreana",20,"nux",3,3
"2712","FL14-06","nux",0,"Floreana",20,"nux",3,3
"2713","FL14-06","nux",0,"Floreana",20,"nux",3,3
"2714","FL14-06","nux",0,"Floreana",20,"nux",3,3
"2715","FL18-02","nux",20,"Floreana",20,"nux",3,3
"2716","FL18-02","nux",10,"Floreana",20,"nux",3,3
"2717","FL18-02","nux",1,"Floreana",20,"nux",3,3
"2718","FL18-02","nux",24,"Floreana",20,"nux",3,3
"2719","FL18-02","nux",1,"Floreana",20,"nux",3,3
"2720","FL18-02","nux",2,"Floreana",20,"nux",3,3
"2721","FL18-02","nux",4,"Floreana",20,"nux",3,3
"2722","FL18-02","nux",23,"Floreana",20,"nux",3,3
"2723","FL18-02","nux",2,"Floreana",20,"nux",3,3
"2724","FL18-02","nux",1,"Floreana",20,"nux",3,3
"2725","FL18-02","nux",0,"Floreana",20,"nux",3,3
"2726","FL18-02","nux",0,"Floreana",20,"nux",3,3
"2727","FL18-02","nux",0,"Floreana",20,"nux",3,3
"2728","FL18-02","nux",0,"Floreana",20,"nux",3,3
"2729","FL18-02","nux",0,"Floreana",20,"nux",3,3
"2730","FL18-02","nux",0,"Floreana",20,"nux",3,3
"2731","FL18-02","nux",0,"Floreana",20,"nux",3,3
"2732","FL18-02","nux",0,"Floreana",20,"nux",3,3
"2733","FL18-02","nux",0,"Floreana",20,"nux",3,3
"2734","FL18-02","nux",0,"Floreana",20,"nux",3,3
"2735","FL18-02","nux",0,"Floreana",20,"nux",3,3
"2736","FL18-02","nux",0,"Floreana",20,"nux",3,3
"2737","FL18-02","nux",0,"Floreana",20,"nux",3,3
"2738","FL18-02","nux",0,"Floreana",20,"nux",3,3
"2739","FL18-02","nux",0,"Floreana",20,"nux",3,3
"2740","FL18-02","nux",0,"Floreana",20,"nux",3,3
"2741","FL18-02","nux",0,"Floreana",20,"nux",3,3
"2742","FL18-02","nux",0,"Floreana",20,"nux",3,3
"2743","FL18-02","nux",0,"Floreana",20,"nux",3,3
"2744","FL18-02","nux",0,"Floreana",20,"nux",3,3
"2745","FL18-02","nux",0,"Floreana",20,"nux",3,3
"2746","FL18-02","nux",0,"Floreana",20,"nux",3,3
"2747","FL18-02","nux",0,"Floreana",20,"nux",3,3
"2748","FL18-02","nux",0,"Floreana",20,"nux",3,3
"2749","FL18-02","nux",0,"Floreana",20,"nux",3,3
"2750","FL18-02","nux",0,"Floreana",20,"nux",3,3
"2751","FL18-02","nux",0,"Floreana",20,"nux",3,3
"2752","FL18-02","nux",0,"Floreana",20,"nux",3,3
"2753","FL18-02","nux",0,"Floreana",20,"nux",3,3
"2754","FL18-02","nux",0,"Floreana",20,"nux",3,3
"2755","FL18-02","nux",0,"Floreana",20,"nux",3,3
"2756","FL18-02","nux",0,"Floreana",20,"nux",3,3
"2757","FL18-02","nux",0,"Floreana",20,"nux",3,3
"2758","FL18-02","nux",0,"Floreana",20,"nux",3,3
"2759","FL18-02","nux",0,"Floreana",20,"nux",3,3
"2760","FL18-02","nux",0,"Floreana",20,"nux",3,3
"2761","FL18-02","nux",0,"Floreana",20,"nux",3,3
"2762","FL14-08","nux",1,"Floreana",20,"nux",3,3
"2763","FL14-08","nux",0,"Floreana",20,"nux",3,3
"2764","FL14-08","nux",0,"Floreana",20,"nux",3,3
"2765","FL14-08","nux",0,"Floreana",20,"nux",3,3
"2766","FL14-08","nux",0,"Floreana",20,"nux",3,3
"2767","FL14-08","nux",0,"Floreana",20,"nux",3,3
"2768","FL14-08","nux",0,"Floreana",20,"nux",3,3
"2769","FL14-08","nux",0,"Floreana",20,"nux",3,3
"2770","FL10-03","planospira",0,"Floreana",28,"planospira",3,3
"2771","FL10-03","planospira",0,"Floreana",28,"planospira",3,3
"2772","FL10-03","planospira",0,"Floreana",28,"planospira",3,3
"2773","FL10-03","planospira",0,"Floreana",28,"planospira",3,3
"2774","FL10-03","planospira",0,"Floreana",28,"planospira",3,3
"2775","FL10-03","planospira",0,"Floreana",28,"planospira",3,3
"2776","FL10-03","planospira",0,"Floreana",28,"planospira",3,3
"2777","FL10-03","planospira",0,"Floreana",28,"planospira",3,3
"2778","FL10-03","planospira",0,"Floreana",28,"planospira",3,3
"2779","FL10-03","planospira",0,"Floreana",28,"planospira",3,3
"2780","FL10-03","planospira",0,"Floreana",28,"planospira",3,3
"2781","FL10-03","planospira",0,"Floreana",28,"planospira",3,3
"2782","FL10-03","planospira",0,"Floreana",28,"planospira",3,3
"2783","FL10-03","planospira",0,"Floreana",28,"planospira",3,3
"2784","FL10-03","planospira",0,"Floreana",28,"planospira",3,3
"2785","FL10-03","planospira",0,"Floreana",28,"planospira",3,3
"2786","FL10-03","planospira",0,"Floreana",28,"planospira",3,3
"2787","FL10-03","planospira",0,"Floreana",28,"planospira",3,3
"2788","FL10-03","planospira",0,"Floreana",28,"planospira",3,3
"2789","FL10-03","planospira",0,"Floreana",28,"planospira",3,3
"2790","FL18-16","planospira",2,"Floreana",28,"planospira",3,3
"2791","FL18-16","planospira",1,"Floreana",28,"planospira",3,3
"2792","FL18-16","planospira",2,"Floreana",28,"planospira",3,3
"2793","FL18-16","planospira",1,"Floreana",28,"planospira",3,3
"2794","FL18-16","planospira",0,"Floreana",28,"planospira",3,3
"2795","FL18-16","planospira",0,"Floreana",28,"planospira",3,3
"2796","FL18-16","planospira",0,"Floreana",28,"planospira",3,3
"2797","FL18-16","planospira",0,"Floreana",28,"planospira",3,3
"2798","FL18-16","planospira",0,"Floreana",28,"planospira",3,3
"2799","FL18-16","planospira",0,"Floreana",28,"planospira",3,3
"2800","FL18-16","planospira",0,"Floreana",28,"planospira",3,3
"2801","FL18-16","planospira",0,"Floreana",28,"planospira",3,3
"2802","FL18-16","planospira",0,"Floreana",28,"planospira",3,3
"2803","FL18-16","planospira",0,"Floreana",28,"planospira",3,3
"2804","FL18-16","planospira",0,"Floreana",28,"planospira",3,3
"2805","FL18-16","planospira",0,"Floreana",28,"planospira",3,3
"2806","FL18-16","planospira",0,"Floreana",28,"planospira",3,3
"2807","FL18-16","planospira",0,"Floreana",28,"planospira",3,3
"2808","FL18-16","planospira",0,"Floreana",28,"planospira",3,3
"2809","FL18-16","planospira",0,"Floreana",28,"planospira",3,3
"2810","FL18-16","planospira",0,"Floreana",28,"planospira",3,3
"2811","FL18-16","planospira",0,"Floreana",28,"planospira",3,3
"2812","FL18-16","planospira",0,"Floreana",28,"planospira",3,3
"2813","FL18-16","planospira",0,"Floreana",28,"planospira",3,3
"2814","FL18-16","planospira",0,"Floreana",28,"planospira",3,3
"2815","FL18-16","planospira",0,"Floreana",28,"planospira",3,3
"2816","FL18-16","planospira",0,"Floreana",28,"planospira",3,3
"2817","FL18-16","planospira",0,"Floreana",28,"planospira",3,3
"2818","FL18-16","planospira",0,"Floreana",28,"planospira",3,3
"2819","FL18-16","planospira",0,"Floreana",28,"planospira",3,3
"2820","FL18-16","planospira",0,"Floreana",28,"planospira",3,3
"2821","FL18-16","planospira",0,"Floreana",28,"planospira",3,3
"2822","FL18-16","planospira",0,"Floreana",28,"planospira",3,3
"2823","FL10-Pelado","planospira",2,"Floreana",28,"planospira",3,3
"2824","FL10-Pelado","planospira",5,"Floreana",28,"planospira",3,3
"2825","FL18-11","planospira",8,"Floreana",28,"planospira",3,3
"2826","FL18-11","planospira",0,"Floreana",28,"planospira",3,3
"2827","FL18-11","planospira",0,"Floreana",28,"planospira",3,3
"2828","FL18-11","planospira",0,"Floreana",28,"planospira",3,3
"2829","FL18-11","planospira",0,"Floreana",28,"planospira",3,3
"2830","FL18-11","planospira",0,"Floreana",28,"planospira",3,3
"2831","FL18-11","planospira",0,"Floreana",28,"planospira",3,3
"2832","FL18-11","planospira",0,"Floreana",28,"planospira",3,3
"2833","FL18-11","planospira",0,"Floreana",28,"planospira",3,3
"2834","FL18-11","planospira",0,"Floreana",28,"planospira",3,3
"2835","FL18-11","planospira",0,"Floreana",28,"planospira",3,3
"2836","FL18-11","planospira",0,"Floreana",28,"planospira",3,3
"2837","FL18-11","planospira",0,"Floreana",28,"planospira",3,3
"2838","FL18-11","planospira",0,"Floreana",28,"planospira",3,3
"2839","FL18-11","planospira",0,"Floreana",28,"planospira",3,3
"2840","FL18-11","planospira",0,"Floreana",28,"planospira",3,3
"2841","FL18-11","planospira",0,"Floreana",28,"planospira",3,3
"2842","FL18-11","planospira",0,"Floreana",28,"planospira",3,3
"2843","FL18-11","planospira",25,"Floreana",28,"planospira",3,3
"2844","FL14-01","ustulatus",20,"Floreana",45,"ustulatus",3,3
"2845","FL14-01","ustulatus",4,"Floreana",45,"ustulatus",3,3
"2846","FL14-01","ustulatus",4,"Floreana",45,"ustulatus",3,3
"2847","FL14-01","ustulatus",30,"Floreana",45,"ustulatus",3,3
"2848","FL14-01","ustulatus",60,"Floreana",45,"ustulatus",3,3
"2849","FL14-01","ustulatus",1,"Floreana",45,"ustulatus",3,3
"2850","FL14-01","ustulatus",25,"Floreana",45,"ustulatus",3,3
"2851","FL14-01","ustulatus",19,"Floreana",45,"ustulatus",3,3
"2852","FL14-01","ustulatus",2,"Floreana",45,"ustulatus",3,3
"2853","FL14-01","ustulatus",4,"Floreana",45,"ustulatus",3,3
"2854","FL14-01","ustulatus",4,"Floreana",45,"ustulatus",3,3
"2855","FL14-01","ustulatus",40,"Floreana",45,"ustulatus",3,3
"2856","FL14-01","ustulatus",4,"Floreana",45,"ustulatus",3,3
"2857","FL14-01","ustulatus",1,"Floreana",45,"ustulatus",3,3
"2858","FL14-01","ustulatus",3,"Floreana",45,"ustulatus",3,3
"2859","FL14-01","ustulatus",0,"Floreana",45,"ustulatus",3,3
"2860","FL14-01","ustulatus",0,"Floreana",45,"ustulatus",3,3
"2861","FL14-01","ustulatus",0,"Floreana",45,"ustulatus",3,3
"2862","FL14-01","ustulatus",0,"Floreana",45,"ustulatus",3,3
"2863","FL14-01","ustulatus",0,"Floreana",45,"ustulatus",3,3
"2864","FL14-01","ustulatus",0,"Floreana",45,"ustulatus",3,3
"2865","FL14-01","ustulatus",0,"Floreana",45,"ustulatus",3,3
"2866","FL14-01","ustulatus",0,"Floreana",45,"ustulatus",3,3
"2867","FL14-02","ustulatus",1,"Floreana",45,"ustulatus",3,3
"2868","FL14-02","ustulatus",9,"Floreana",45,"ustulatus",3,3
"2869","FL14-02","ustulatus",7,"Floreana",45,"ustulatus",3,3
"2870","FL14-02","ustulatus",0,"Floreana",45,"ustulatus",3,3
"2871","FL14-02","ustulatus",0,"Floreana",45,"ustulatus",3,3
"2872","FL14-02","ustulatus",0,"Floreana",45,"ustulatus",3,3
"2873","FL14-02","ustulatus",0,"Floreana",45,"ustulatus",3,3
"2874","FL14-02","ustulatus",0,"Floreana",45,"ustulatus",3,3
"2875","FL14-02","ustulatus",0,"Floreana",45,"ustulatus",3,3
"2876","FL14-02","ustulatus",0,"Floreana",45,"ustulatus",3,3
"2877","FL14-02","ustulatus",0,"Floreana",45,"ustulatus",3,3
"2878","FL14-02","ustulatus",0,"Floreana",45,"ustulatus",3,3
"2879","FL14-02","ustulatus",0,"Floreana",45,"ustulatus",3,3
"2880","FL14-02","ustulatus",0,"Floreana",45,"ustulatus",3,3
"2881","FL15","ustulatus",0,"Floreana",45,"ustulatus",3,3
"2882","FL15","ustulatus",0,"Floreana",45,"ustulatus",3,3
"2883","FL15","ustulatus",0,"Floreana",45,"ustulatus",3,3
"2884","FL15","ustulatus",0,"Floreana",45,"ustulatus",3,3
"2885","FL15","ustulatus",0,"Floreana",45,"ustulatus",3,3
"2886","FL15","ustulatus",0,"Floreana",45,"ustulatus",3,3
"2887","FL15","ustulatus",0,"Floreana",45,"ustulatus",3,3
"2888","FL15","ustulatus",0,"Floreana",45,"ustulatus",3,3
"2889","FL15","ustulatus",0,"Floreana",45,"ustulatus",3,3
"2890","FL15","ustulatus",0,"Floreana",45,"ustulatus",3,3
"2891","FL15","ustulatus",0,"Floreana",45,"ustulatus",3,3
"2892","FL15","ustulatus",0,"Floreana",45,"ustulatus",3,3
"2893","FL15","ustulatus",0,"Floreana",45,"ustulatus",3,3
"2894","FL15","ustulatus",0,"Floreana",45,"ustulatus",3,3
"2895","FL15","ustulatus",0,"Floreana",45,"ustulatus",3,3
"2896","ES17-01","snodgrassi",0,"Espanola",35,"snodgrassi",1,1
"2897","ES17-01","snodgrassi",0,"Espanola",35,"snodgrassi",1,1
"2898","ES17-01","snodgrassi",0,"Espanola",35,"snodgrassi",1,1
"2899","ES17-01","snodgrassi",0,"Espanola",35,"snodgrassi",1,1
"2900","ES17-01","snodgrassi",0,"Espanola",35,"snodgrassi",1,1
"2901","ES17-01","snodgrassi",0,"Espanola",35,"snodgrassi",1,1
"2902","ES17-01","snodgrassi",0,"Espanola",35,"snodgrassi",1,1
"2903","ES17-01","snodgrassi",0,"Espanola",35,"snodgrassi",1,1
"2904","ES17-01","snodgrassi",0,"Espanola",35,"snodgrassi",1,1
"2905","ES17-01","snodgrassi",0,"Espanola",35,"snodgrassi",1,1
"2906","ES02","snodgrassi",0,"Espanola",35,"snodgrassi",1,1
"2907","ES02","snodgrassi",0,"Espanola",35,"snodgrassi",1,1
"2908","ES02","snodgrassi",0,"Espanola",35,"snodgrassi",1,1
"2909","ES02","snodgrassi",0,"Espanola",35,"snodgrassi",1,1
"2910","ES02","snodgrassi",0,"Espanola",35,"snodgrassi",1,1
"2911","ES02","snodgrassi",0,"Espanola",35,"snodgrassi",1,1
"2912","ES02","snodgrassi",0,"Espanola",35,"snodgrassi",1,1
"2913","ES02","snodgrassi",0,"Espanola",35,"snodgrassi",1,1
"2914","ES02","snodgrassi",0,"Espanola",35,"snodgrassi",1,1
"2915","ES02","snodgrassi",0,"Espanola",35,"snodgrassi",1,1
"2916","ES02","snodgrassi",0,"Espanola",35,"snodgrassi",1,1
"2917","ES02","snodgrassi",0,"Espanola",35,"snodgrassi",1,1
"2918","ES02","snodgrassi",0,"Espanola",35,"snodgrassi",1,1
"2919","ES02","snodgrassi",0,"Espanola",35,"snodgrassi",1,1
"2920","ES02","snodgrassi",0,"Espanola",35,"snodgrassi",1,1
"2921","ES02","snodgrassi",0,"Espanola",35,"snodgrassi",1,1
"2922","ES02","snodgrassi",0,"Espanola",35,"snodgrassi",1,1
"2923","ES02","snodgrassi",0,"Espanola",35,"snodgrassi",1,1
"2924","ES02","snodgrassi",1,"Espanola",35,"snodgrassi",1,1
"2925","ES02","snodgrassi",0,"Espanola",35,"snodgrassi",1,1
"2926","ES02","snodgrassi",1,"Espanola",35,"snodgrassi",1,1
"2927","ES02","snodgrassi",1,"Espanola",35,"snodgrassi",1,1
"2928","ES02","snodgrassi",0,"Espanola",35,"snodgrassi",1,1
"2929","ES02","snodgrassi",1,"Espanola",35,"snodgrassi",1,1
"2930","ES02","snodgrassi",1,"Espanola",35,"snodgrassi",1,1
"2931","ES02","snodgrassi",1,"Espanola",35,"snodgrassi",1,1
"2932","ES02","snodgrassi",1,"Espanola",35,"snodgrassi",1,1
"2933","ES02","snodgrassi",1,"Espanola",35,"snodgrassi",1,1
"2934","ES02","snodgrassi",1,"Espanola",35,"snodgrassi",1,1
"2935","ES02","snodgrassi",1,"Espanola",35,"snodgrassi",1,1
"2936","ES02","snodgrassi",1,"Espanola",35,"snodgrassi",1,1
"2937","ES02","snodgrassi",1,"Espanola",35,"snodgrassi",1,1
"2938","ES02","snodgrassi",0,"Espanola",35,"snodgrassi",1,1
"2939","ES02","snodgrassi",0,"Espanola",35,"snodgrassi",1,1
"2940","ES02","snodgrassi",0,"Espanola",35,"snodgrassi",1,1
"2941","ES02","snodgrassi",0,"Espanola",35,"snodgrassi",1,1
"2942","ES02","snodgrassi",0,"Espanola",35,"snodgrassi",1,1
"2943","ES02","snodgrassi",0,"Espanola",35,"snodgrassi",1,1
"2944","ES02","snodgrassi",0,"Espanola",35,"snodgrassi",1,1
"2945","ES02","snodgrassi",0,"Espanola",35,"snodgrassi",1,1
"2946","ES02","snodgrassi",0,"Espanola",35,"snodgrassi",1,1
"2947","ES02","snodgrassi",0,"Espanola",35,"snodgrassi",1,1
"2948","ES02","snodgrassi",0,"Espanola",35,"snodgrassi",1,1
"2949","ES02","snodgrassi",0,"Espanola",35,"snodgrassi",1,1
"2950","ES02","snodgrassi",0,"Espanola",35,"snodgrassi",1,1
"2951","ES02","snodgrassi",0,"Espanola",35,"snodgrassi",1,1
"2952","ES02","snodgrassi",0,"Espanola",35,"snodgrassi",1,1
"2953","ES02","snodgrassi",1,"Espanola",35,"snodgrassi",1,1
"2954","ES02","snodgrassi",1,"Espanola",35,"snodgrassi",1,1
"2955","ES02","snodgrassi",0,"Espanola",35,"snodgrassi",1,1
"2956","ES02","snodgrassi",0,"Espanola",35,"snodgrassi",1,1
"2957","ES02","snodgrassi",0,"Espanola",35,"snodgrassi",1,1
"2958","ES02","snodgrassi",0,"Espanola",35,"snodgrassi",1,1
"2959","ES02","snodgrassi",0,"Espanola",35,"snodgrassi",1,1
"2960","ES02","snodgrassi",0,"Espanola",35,"snodgrassi",1,1
"2961","ES02","snodgrassi",0,"Espanola",35,"snodgrassi",1,1
"2962","ES02","snodgrassi",0,"Espanola",35,"snodgrassi",1,1
"2963","ES02","snodgrassi",0,"Espanola",35,"snodgrassi",1,1
"2964","ES02","snodgrassi",0,"Espanola",35,"snodgrassi",1,1
"2965","ES02","snodgrassi",0,"Espanola",35,"snodgrassi",1,1
"2966","ES02","snodgrassi",0,"Espanola",35,"snodgrassi",1,1
"2967","ES02","snodgrassi",0,"Espanola",35,"snodgrassi",1,1
"2968","ES02","snodgrassi",0,"Espanola",35,"snodgrassi",1,1
"2969","ES02","snodgrassi",0,"Espanola",35,"snodgrassi",1,1
"2970","ES02","snodgrassi",0,"Espanola",35,"snodgrassi",1,1
"2971","ES02","snodgrassi",0,"Espanola",35,"snodgrassi",1,1
"2972","ES02","snodgrassi",0,"Espanola",35,"snodgrassi",1,1
"2973","DA02-05","spp1",9,"Isabela",36,"sp. nov. Darwin",6,5
"2974","DA02-05","spp1",1,"Isabela",36,"sp. nov. Darwin",6,5
"2975","DA02-05","spp1",7,"Isabela",36,"sp. nov. Darwin",6,5
"2976","DA02-05","spp1",1,"Isabela",36,"sp. nov. Darwin",6,5
"2977","DA02-05","spp1",4,"Isabela",36,"sp. nov. Darwin",6,5
"2978","DA02-05","spp1",11,"Isabela",36,"sp. nov. Darwin",6,5
"2979","DA02-05","spp1",9,"Isabela",36,"sp. nov. Darwin",6,5
"2980","DA02-05","spp1",8,"Isabela",36,"sp. nov. Darwin",6,5
"2981","DA02-05","spp1",7,"Isabela",36,"sp. nov. Darwin",6,5
"2982","DA02-05","spp1",35,"Isabela",36,"sp. nov. Darwin",6,5
"2983","DA02-05","spp1",32,"Isabela",36,"sp. nov. Darwin",6,5
"2984","DA02-05","spp1",3,"Isabela",36,"sp. nov. Darwin",6,5
"2985","DA02-05","spp1",1,"Isabela",36,"sp. nov. Darwin",6,5
"2986","DA02-05","spp1",3,"Isabela",36,"sp. nov. Darwin",6,5
"2987","DA02-05","spp1",2,"Isabela",36,"sp. nov. Darwin",6,5
"2988","DA02-05","spp1",6,"Isabela",36,"sp. nov. Darwin",6,5
"2989","DA02-05","spp1",0,"Isabela",36,"sp. nov. Darwin",6,5
"2990","DA02-05","spp1",0,"Isabela",36,"sp. nov. Darwin",6,5
"2991","DA02-05","spp1",0,"Isabela",36,"sp. nov. Darwin",6,5
"2992","DA02-05","spp1",0,"Isabela",36,"sp. nov. Darwin",6,5
"2993","DA02-05","spp1",0,"Isabela",36,"sp. nov. Darwin",6,5
"2994","DA02-05","spp1",0,"Isabela",36,"sp. nov. Darwin",6,5
"2995","DA02-05","spp1",0,"Isabela",36,"sp. nov. Darwin",6,5
"2996","DA02-05","spp1",0,"Isabela",36,"sp. nov. Darwin",6,5
"2997","DA02-05","spp1",0,"Isabela",36,"sp. nov. Darwin",6,5
"2998","DA02-05","spp1",0,"Isabela",36,"sp. nov. Darwin",6,5
"2999","DA02-05","spp1",0,"Isabela",36,"sp. nov. Darwin",6,5
"3000","DA02-05","spp1",0,"Isabela",36,"sp. nov. Darwin",6,5
"3001","DA02-05","spp1",0,"Isabela",36,"sp. nov. Darwin",6,5
"3002","DA02-05","spp1",0,"Isabela",36,"sp. nov. Darwin",6,5
"3003","DA02-05","spp1",0,"Isabela",36,"sp. nov. Darwin",6,5
"3004","DA02-05","spp1",0,"Isabela",36,"sp. nov. Darwin",6,5
"3005","DA02-05","spp1",0,"Isabela",36,"sp. nov. Darwin",6,5
"3006","DA02-05","spp1",0,"Isabela",36,"sp. nov. Darwin",6,5
"3007","DA02-05","spp1",0,"Isabela",36,"sp. nov. Darwin",6,5
"3008","DA02-05","spp1",0,"Isabela",36,"sp. nov. Darwin",6,5
"3009","DA02-05","spp1",0,"Isabela",36,"sp. nov. Darwin",6,5
"3010","DA02-05","spp1",0,"Isabela",36,"sp. nov. Darwin",6,5
"3011","DA02-05","spp1",0,"Isabela",36,"sp. nov. Darwin",6,5
"3012","DA02-05","spp1",0,"Isabela",36,"sp. nov. Darwin",6,5
"3013","DA02-01","spp1",1,"Isabela",36,"sp. nov. Darwin",6,5
"3014","DA02-01","spp1",1,"Isabela",36,"sp. nov. Darwin",6,5
"3015","DA02-01","spp1",0,"Isabela",36,"sp. nov. Darwin",6,5
"3016","DA02-01","spp1",0,"Isabela",36,"sp. nov. Darwin",6,5
"3017","DA02-01","spp1",0,"Isabela",36,"sp. nov. Darwin",6,5
"3018","DA02-01","spp1",0,"Isabela",36,"sp. nov. Darwin",6,5
"3019","DA02-01","spp1",0,"Isabela",36,"sp. nov. Darwin",6,5
"3020","DA02-01","spp1",0,"Isabela",36,"sp. nov. Darwin",6,5
"3021","DA02","spp1",1,"Isabela",36,"sp. nov. Darwin",6,5
"3022","DA02","spp1",30,"Isabela",36,"sp. nov. Darwin",6,5
"3023","DA02","spp1",2,"Isabela",36,"sp. nov. Darwin",6,5
"3024","DA02","spp1",2,"Isabela",36,"sp. nov. Darwin",6,5
"3025","DA02","spp1",0,"Isabela",36,"sp. nov. Darwin",6,5
"3026","DA02","spp1",0,"Isabela",36,"sp. nov. Darwin",6,5
"3027","DA02","spp1",0,"Isabela",36,"sp. nov. Darwin",6,5
"3028","DA02","spp1",0,"Isabela",36,"sp. nov. Darwin",6,5
"3029","DA02","spp1",0,"Isabela",36,"sp. nov. Darwin",6,5
"3030","DA02","spp1",0,"Isabela",36,"sp. nov. Darwin",6,5
"3031","DA02","spp1",0,"Isabela",36,"sp. nov. Darwin",6,5
"3032","DA02","spp1",0,"Isabela",36,"sp. nov. Darwin",6,5
"3033","DA02","spp1",0,"Isabela",36,"sp. nov. Darwin",6,5
"3034","DA02","spp1",0,"Isabela",36,"sp. nov. Darwin",6,5
"3035","DA02","spp1",0,"Isabela",36,"sp. nov. Darwin",6,5
"3036","DA02-05","spp1",2,"Isabela",36,"sp. nov. Darwin",6,5
"3037","DA02-05","spp1",2,"Isabela",36,"sp. nov. Darwin",6,5
"3038","DA02-05","spp1",2,"Isabela",36,"sp. nov. Darwin",6,5
"3039","DA02-05","spp1",5,"Isabela",36,"sp. nov. Darwin",6,5
"3040","DA02-05","spp1",2,"Isabela",36,"sp. nov. Darwin",6,5
"3041","DA02-05","spp1",3,"Isabela",36,"sp. nov. Darwin",6,5
"3042","DA02-05","spp1",6,"Isabela",36,"sp. nov. Darwin",6,5
"3043","DA02-05","spp1",1,"Isabela",36,"sp. nov. Darwin",6,5
"3044","DA02-05","spp1",3,"Isabela",36,"sp. nov. Darwin",6,5
"3045","DA02-05","spp1",0,"Isabela",36,"sp. nov. Darwin",6,5
"3046","DA02-05","spp1",0,"Isabela",36,"sp. nov. Darwin",6,5
"3047","DA02-05","spp1",0,"Isabela",36,"sp. nov. Darwin",6,5
"3048","DA02-05","spp1",0,"Isabela",36,"sp. nov. Darwin",6,5
"3049","DA02-05","spp1",0,"Isabela",36,"sp. nov. Darwin",6,5
"3050","DA02-05","spp1",0,"Isabela",36,"sp. nov. Darwin",6,5
"3051","DA02-05","spp1",0,"Isabela",36,"sp. nov. Darwin",6,5
"3052","DA02-05","spp1",0,"Isabela",36,"sp. nov. Darwin",6,5
"3053","DA02-05","spp1",0,"Isabela",36,"sp. nov. Darwin",6,5
"3054","DA02-05","spp1",0,"Isabela",36,"sp. nov. Darwin",6,5
"3055","DA02-05","spp1",0,"Isabela",36,"sp. nov. Darwin",6,5
"3056","DA02-05","spp1",0,"Isabela",36,"sp. nov. Darwin",6,5
"3057","DA02-05","spp1",0,"Isabela",36,"sp. nov. Darwin",6,5
"3058","DA02-05","spp1",0,"Isabela",36,"sp. nov. Darwin",6,5
"3059","DA02-05","spp1",0,"Isabela",36,"sp. nov. Darwin",6,5
"3060","DA02-05","spp1",0,"Isabela",36,"sp. nov. Darwin",6,5
"3061","DA02-05","spp1",0,"Isabela",36,"sp. nov. Darwin",6,5
"3062","FA02","spp4",9,"Fernandina",24,"perrus",2,2
"3063","FA02","spp4",1,"Fernandina",24,"perrus",2,2
"3064","FA02","spp4",29,"Fernandina",24,"perrus",2,2
"3065","FA02","spp4",6,"Fernandina",24,"perrus",2,2
"3066","FA02","spp4",3,"Fernandina",24,"perrus",2,2
"3067","FA02","spp4",24,"Fernandina",24,"perrus",2,2
"3068","FA02","spp4",1,"Fernandina",24,"perrus",2,2
"3069","FA02","spp4",100,"Fernandina",24,"perrus",2,2
"3070","FA02","spp4",5,"Fernandina",24,"perrus",2,2
"3071","FA02","spp4",4,"Fernandina",24,"perrus",2,2
"3072","FA02","spp4",10,"Fernandina",24,"perrus",2,2
"3073","FA02","spp4",3,"Fernandina",24,"perrus",2,2
"3074","FA02","spp4",14,"Fernandina",24,"perrus",2,2
"3075","FA02","spp4",16,"Fernandina",24,"perrus",2,2
"3076","FA02","spp4",3,"Fernandina",24,"perrus",2,2
"3077","FA02","spp4",2,"Fernandina",24,"perrus",2,2
"3078","FA02","spp4",0,"Fernandina",24,"perrus",2,2
"3079","FA02","spp4",0,"Fernandina",24,"perrus",2,2
"3080","FA02","spp4",0,"Fernandina",24,"perrus",2,2
"3081","FA02","spp4",0,"Fernandina",24,"perrus",2,2
"3082","FA02","spp4",0,"Fernandina",24,"perrus",2,2
"3083","FA02","spp4",0,"Fernandina",24,"perrus",2,2
"3084","FA02","spp4",0,"Fernandina",24,"perrus",2,2
"3085","FA02","spp4",0,"Fernandina",24,"perrus",2,2
"3086","FA02","spp4",0,"Fernandina",24,"perrus",2,2
"3087","FA02","spp4",0,"Fernandina",24,"perrus",2,2
"3088","FA02","spp4",0,"Fernandina",24,"perrus",2,2
"3089","FA02","spp4",0,"Fernandina",24,"perrus",2,2
"3090","FA02","spp4",0,"Fernandina",24,"perrus",2,2
"3091","FA02","spp4",0,"Fernandina",24,"perrus",2,2
"3092","FA02","spp4",0,"Fernandina",24,"perrus",2,2
"3093","FA02","spp4",0,"Fernandina",24,"perrus",2,2
"3094","FA02","spp4",0,"Fernandina",24,"perrus",2,2
"3095","FA02","spp4",0,"Fernandina",24,"perrus",2,2
"3096","FA02","spp4",0,"Fernandina",24,"perrus",2,2
"3097","FA02","spp4",0,"Fernandina",24,"perrus",2,2
"3098","FA02","spp4",0,"Fernandina",24,"perrus",2,2
"3099","FA02","spp4",0,"Fernandina",24,"perrus",2,2
"3100","FA02","spp4",0,"Fernandina",24,"perrus",2,2
"3101","FA02","spp4",3,"Fernandina",24,"perrus",2,2
"3102","FA02","spp4",7,"Fernandina",24,"perrus",2,2
"3103","FA02","spp4",17,"Fernandina",24,"perrus",2,2
"3104","FA02","spp4",6,"Fernandina",24,"perrus",2,2
"3105","FA02","spp4",0,"Fernandina",24,"perrus",2,2
"3106","FA02","spp4",0,"Fernandina",24,"perrus",2,2
"3107","FA02","spp4",0,"Fernandina",24,"perrus",2,2
"3108","FA02","spp4",0,"Fernandina",24,"perrus",2,2
"3109","FA02","spp4",0,"Fernandina",24,"perrus",2,2
"3110","FA02","spp4",0,"Fernandina",24,"perrus",2,2
"3111","FA02","spp4",0,"Fernandina",24,"perrus",2,2
"3112","FA02","spp4",0,"Fernandina",24,"perrus",2,2
"3113","FA02","spp4",0,"Fernandina",24,"perrus",2,2
"3114","FA02","spp4",4,"Fernandina",24,"perrus",2,2
"3115","FA02","spp4",100,"Fernandina",24,"perrus",2,2
"3116","FA02","spp4",12,"Fernandina",24,"perrus",2,2
"3117","FA02","spp4",4,"Fernandina",24,"perrus",2,2
"3118","FA02","spp4",2,"Fernandina",24,"perrus",2,2
"3119","FA02","spp4",2,"Fernandina",24,"perrus",2,2
"3120","FA02","spp4",2,"Fernandina",24,"perrus",2,2
"3121","FA02","spp4",0,"Fernandina",24,"perrus",2,2
"3122","FA02","spp4",0,"Fernandina",24,"perrus",2,2
"3123","FA02","spp4",0,"Fernandina",24,"perrus",2,2
"3124","FA02","spp4",0,"Fernandina",24,"perrus",2,2
"3125","FA02","spp4",0,"Fernandina",24,"perrus",2,2
"3126","FA02","spp4",0,"Fernandina",24,"perrus",2,2
"3127","FA02","spp4",0,"Fernandina",24,"perrus",2,2
"3128","FA02","spp4",0,"Fernandina",24,"perrus",2,2
"3129","FA02","spp4",0,"Fernandina",24,"perrus",2,2
"3130","FA02","spp4",0,"Fernandina",24,"perrus",2,2
"3131","FA02","spp4",0,"Fernandina",24,"perrus",2,2
"3132","FA02","spp4",0,"Fernandina",24,"perrus",2,2
"3133","FA02","spp4",0,"Fernandina",24,"perrus",2,2
"3134","FA02","spp4",0,"Fernandina",24,"perrus",2,2
"3135","FA02","spp4",0,"Fernandina",24,"perrus",2,2
"3136","RA12","rabidensis",0,"Rabida",29,"rabidensis",10,8
"3137","RA12","rabidensis",0,"Rabida",29,"rabidensis",10,8
"3138","RA12","rabidensis",0,"Rabida",29,"rabidensis",10,8
"3139","RA12","rabidensis",0,"Rabida",29,"rabidensis",10,8
"3140","RA12","rabidensis",0,"Rabida",29,"rabidensis",10,8
"3141","RA12","rabidensis",0,"Rabida",29,"rabidensis",10,8
"3142","RA12","rabidensis",0,"Rabida",29,"rabidensis",10,8
"3143","RA12","rabidensis",0,"Rabida",29,"rabidensis",10,8
"3144","RA12","rabidensis",0,"Rabida",29,"rabidensis",10,8
"3145","RA12","rabidensis",0,"Rabida",29,"rabidensis",10,8
"3146","RA12","rabidensis",0,"Rabida",29,"rabidensis",10,8
"3147","RA12","rabidensis",0,"Rabida",29,"rabidensis",10,8
"3148","RA12","rabidensis",0,"Rabida",29,"rabidensis",10,8
"3149","RA12","rabidensis",0,"Rabida",29,"rabidensis",10,8
"3150","RA12","rabidensis",0,"Rabida",29,"rabidensis",10,8
"3151","RA12","rabidensis",0,"Rabida",29,"rabidensis",10,8
"3152","RA12","rabidensis",0,"Rabida",29,"rabidensis",10,8
"3153","RA12","rabidensis",0,"Rabida",29,"rabidensis",10,8
"3154","RA12","rabidensis",1,"Rabida",29,"rabidensis",10,8
"3155","RA12","rabidensis",1,"Rabida",29,"rabidensis",10,8
"3156","RA12","rabidensis",0,"Rabida",29,"rabidensis",10,8
"3157","RA12","rabidensis",0,"Rabida",29,"rabidensis",10,8
"3158","RA12","rabidensis",0,"Rabida",29,"rabidensis",10,8
"3159","RA12","rabidensis",0,"Rabida",29,"rabidensis",10,8
"3160","RA12","rabidensis",0,"Rabida",29,"rabidensis",10,8
"3161","RA12","rabidensis",0,"Rabida",29,"rabidensis",10,8
"3162","RA12","rabidensis",0,"Rabida",29,"rabidensis",10,8
"3163","RA12","rabidensis",0,"Rabida",29,"rabidensis",10,8
"3164","RA12","rabidensis",0,"Rabida",29,"rabidensis",10,8
"3165","RA12","rabidensis",0,"Rabida",29,"rabidensis",10,8
"3166","RA12","rabidensis",0,"Rabida",29,"rabidensis",10,8
"3167","RA12","rabidensis",0,"Rabida",29,"rabidensis",10,8
"3168","RA12","rabidensis",0,"Rabida",29,"rabidensis",10,8
"3169","RA12","rabidensis",0,"Rabida",29,"rabidensis",10,8
"3170","RA12","rabidensis",0,"Rabida",29,"rabidensis",10,8
"3171","RA12","rabidensis",0,"Rabida",29,"rabidensis",10,8
"3172","RA12","rabidensis",0,"Rabida",29,"rabidensis",10,8
"3173","RA12","rabidensis",0,"Rabida",29,"rabidensis",10,8
"3174","RA12","rabidensis",0,"Rabida",29,"rabidensis",10,8
"3175","RA12","rabidensis",0,"Rabida",29,"rabidensis",10,8
"3176","RA12","rabidensis",0,"Rabida",29,"rabidensis",10,8
"3177","RA12","rabidensis",0,"Rabida",29,"rabidensis",10,8
"3178","RA12","rabidensis",0,"Rabida",29,"rabidensis",10,8
"3179","RA12","rabidensis",0,"Rabida",29,"rabidensis",10,8
"3180","RA12","rabidensis",3,"Rabida",29,"rabidensis",10,8
"3181","RA12","rabidensis",1,"Rabida",29,"rabidensis",10,8
"3182","RA12","rabidensis",0,"Rabida",29,"rabidensis",10,8
"3183","RA12","rabidensis",0,"Rabida",29,"rabidensis",10,8
"3184","RA12","rabidensis",0,"Rabida",29,"rabidensis",10,8
"3185","RA12","rabidensis",0,"Rabida",29,"rabidensis",10,8
"3186","RA12","rabidensis",0,"Rabida",29,"rabidensis",10,8
"3187","RA12","rabidensis",0,"Rabida",29,"rabidensis",10,8
"3188","RA12","rabidensis",0,"Rabida",29,"rabidensis",10,8
"3189","RA12","rabidensis",0,"Rabida",29,"rabidensis",10,8
"3190","RA12","rabidensis",0,"Rabida",29,"rabidensis",10,8
"3191","RA12","rabidensis",0,"Rabida",29,"rabidensis",10,8
"3192","RA12","rabidensis",0,"Rabida",29,"rabidensis",10,8
"3193","RA12","rabidensis",0,"Rabida",29,"rabidensis",10,8
"3194","RA12","rabidensis",0,"Rabida",29,"rabidensis",10,8
"3195","RA12","rabidensis",0,"Rabida",29,"rabidensis",10,8
"3196","RA12","rabidensis",0,"Rabida",29,"rabidensis",10,8
"3197","RA12","rabidensis",0,"Rabida",29,"rabidensis",10,8
"3198","RA12","rabidensis",0,"Rabida",29,"rabidensis",10,8
"3199","RA12","rabidensis",0,"Rabida",29,"rabidensis",10,8
"3200","RA12","rabidensis",0,"Rabida",29,"rabidensis",10,8
"3201","RA12","rabidensis",0,"Rabida",29,"rabidensis",10,8
"3202","RA12","rabidensis",0,"Rabida",29,"rabidensis",10,8
"3203","RA12","rabidensis",0,"Rabida",29,"rabidensis",10,8
"3204","RA12","rabidensis",0,"Rabida",29,"rabidensis",10,8
"3205","RA12","rabidensis",0,"Rabida",29,"rabidensis",10,8
"3206","RA12","rabidensis",0,"Rabida",29,"rabidensis",10,8
"3207","RA12","rabidensis",0,"Rabida",29,"rabidensis",10,8
"3208","RA12","rabidensis",0,"Rabida",29,"rabidensis",10,8
"3209","RA12","rabidensis",0,"Rabida",29,"rabidensis",10,8
"3210","RA12","rabidensis",0,"Rabida",29,"rabidensis",10,8
"3211","RA12","rabidensis",0,"Rabida",29,"rabidensis",10,8
"3212","RA12","rabidensis",0,"Rabida",29,"rabidensis",10,8
"3213","RA12","rabidensis",0,"Rabida",29,"rabidensis",10,8
"3214","RA12","rabidensis",0,"Rabida",29,"rabidensis",10,8
"3215","RA12","rabidensis",0,"Rabida",29,"rabidensis",10,8
"3216","RA12","rabidensis",0,"Rabida",29,"rabidensis",10,8
"3217","RA12","rabidensis",0,"Rabida",29,"rabidensis",10,8
"3218","RA12","rabidensis",0,"Rabida",29,"rabidensis",10,8
"3219","RA12","rabidensis",0,"Rabida",29,"rabidensis",10,8
"3220","RA12","rabidensis",0,"Rabida",29,"rabidensis",10,8
"3221","RA12","rabidensis",0,"Rabida",29,"rabidensis",10,8
"3222","RA12","rabidensis",0,"Rabida",29,"rabidensis",10,8
"3223","RA12","rabidensis",0,"Rabida",29,"rabidensis",10,8
"3224","RA12","rabidensis",0,"Rabida",29,"rabidensis",10,8
"3225","RA12","rabidensis",0,"Rabida",29,"rabidensis",10,8
"3226","RA12","rabidensis",0,"Rabida",29,"rabidensis",10,8
"3227","RA12","rabidensis",0,"Rabida",29,"rabidensis",10,8
"3228","RA12","rabidensis",0,"Rabida",29,"rabidensis",10,8
"3229","RA12","rabidensis",0,"Rabida",29,"rabidensis",10,8
"3230","RA12","rabidensis",0,"Rabida",29,"rabidensis",10,8
"3231","RA12","rabidensis",0,"Rabida",29,"rabidensis",10,8
"3232","RA12","rabidensis",0,"Rabida",29,"rabidensis",10,8
"3233","RA12","rabidensis",0,"Rabida",29,"rabidensis",10,8
"3234","RA12","rabidensis",0,"Rabida",29,"rabidensis",10,8
"3235","RA12","rabidensis",0,"Rabida",29,"rabidensis",10,8
"3236","RA12","rabidensis",0,"Rabida",29,"rabidensis",10,8
"3237","RA12","rabidensis",0,"Rabida",29,"rabidensis",10,8
"3238","RA12","rabidensis",0,"Rabida",29,"rabidensis",10,8
"3239","RA12","rabidensis",0,"Rabida",29,"rabidensis",10,8
"3240","RA12","rabidensis",0,"Rabida",29,"rabidensis",10,8
"3241","RA12","rabidensis",0,"Rabida",29,"rabidensis",10,8
"3242","RA12","rabidensis",0,"Rabida",29,"rabidensis",10,8
"3243","RA12","rabidensis",9,"Rabida",29,"rabidensis",10,8
"3244","RA12","rabidensis",0,"Rabida",29,"rabidensis",10,8
"3245","RA12","rabidensis",0,"Rabida",29,"rabidensis",10,8
"3246","RA12","rabidensis",0,"Rabida",29,"rabidensis",10,8
"3247","SA16-11","darwini",2,"Santiago",11,"darwini",14,12
"3248","SA16-11","darwini",17,"Santiago",11,"darwini",14,12
"3249","SA16-11","darwini",0,"Santiago",11,"darwini",14,12
"3250","SA16-11","darwini",0,"Santiago",11,"darwini",14,12
"3251","SA16-11","darwini",0,"Santiago",11,"darwini",14,12
"3252","SA16-11","darwini",0,"Santiago",11,"darwini",14,12
"3253","SA16-11","darwini",0,"Santiago",11,"darwini",14,12
"3254","SA16-11","darwini",0,"Santiago",11,"darwini",14,12
"3255","SA16-11","darwini",0,"Santiago",11,"darwini",14,12
"3256","SA16-11","darwini",0,"Santiago",11,"darwini",14,12
"3257","SA16-11","darwini",0,"Santiago",11,"darwini",14,12
"3258","SA16-11","darwini",0,"Santiago",11,"darwini",14,12
"3259","SA16-06","darwini",0,"Santiago",11,"darwini",14,12
"3260","SA16-06","darwini",0,"Santiago",11,"darwini",14,12
"3261","SA16-06","darwini",0,"Santiago",11,"darwini",14,12
"3262","SA16-06","darwini",0,"Santiago",11,"darwini",14,12
"3263","SA16-06","darwini",0,"Santiago",11,"darwini",14,12
"3264","SA16-06","darwini",1,"Santiago",11,"darwini",14,12
"3265","SA16-13","darwini",1,"Santiago",11,"darwini",14,12
"3266","SA16-13","darwini",9,"Santiago",11,"darwini",14,12
"3267","SA16-13","darwini",10,"Santiago",11,"darwini",14,12
"3268","SA50","darwini",0,"Santiago",11,"darwini",14,12
"3269","SA50","darwini",0,"Santiago",11,"darwini",14,12
"3270","SA50","darwini",0,"Santiago",11,"darwini",14,12
"3271","SA50","darwini",0,"Santiago",11,"darwini",14,12
"3272","SA50","darwini",0,"Santiago",11,"darwini",14,12
"3273","SA50","darwini",0,"Santiago",11,"darwini",14,12
"3274","SA50","darwini",0,"Santiago",11,"darwini",14,12
"3275","SA50","darwini",0,"Santiago",11,"darwini",14,12
"3276","SA01-05-G","darwini",0,"Santiago",11,"darwini",14,12
"3277","SA01-05-G","darwini",0,"Santiago",11,"darwini",14,12
"3278","SA01-05-G","darwini",0,"Santiago",11,"darwini",14,12
"3279","SA01-05-G","darwini",0,"Santiago",11,"darwini",14,12
"3280","SA01-05-G","darwini",0,"Santiago",11,"darwini",14,12
"3281","SA01-05-G","darwini",0,"Santiago",11,"darwini",14,12
"3282",NA,"spp6",19,"Santa_Fe",46,"ventrosus",13,11
"3283",NA,"spp6",3,"Santa_Fe",46,"ventrosus",13,11
"3284",NA,"spp6",0,"Santa_Fe",46,"ventrosus",13,11
"3285",NA,"spp6",0,"Santa_Fe",46,"ventrosus",13,11
"3286",NA,"spp6",0,"Santa_Fe",46,"ventrosus",13,11
"3287",NA,"spp6",0,"Santa_Fe",46,"ventrosus",13,11
"3288",NA,"spp6",0,"Santa_Fe",46,"ventrosus",13,11
"3289",NA,"spp6",0,"Santa_Fe",46,"ventrosus",13,11
"3290",NA,"spp6",0,"Santa_Fe",46,"ventrosus",13,11
"3291",NA,"spp6",0,"Santa_Fe",46,"ventrosus",13,11
"3292",NA,"spp6",0,"Santa_Fe",46,"ventrosus",13,11
"3293",NA,"spp6",0,"Santa_Fe",46,"ventrosus",13,11
"3294",NA,"spp6",0,"Santa_Fe",46,"ventrosus",13,11
"3295",NA,"spp6",0,"Santa_Fe",46,"ventrosus",13,11
"3296",NA,"spp6",0,"Santa_Fe",46,"ventrosus",13,11
"3297",NA,"spp6",0,"Santa_Fe",46,"ventrosus",13,11
"3298",NA,"spp6",0,"Santa_Fe",46,"ventrosus",13,11
"3299",NA,"spp6",0,"Santa_Fe",46,"ventrosus",13,11
"3300",NA,"spp6",0,"Santa_Fe",46,"ventrosus",13,11
"3301",NA,"spp6",0,"Santa_Fe",46,"ventrosus",13,11
"3302",NA,"spp6",0,"Santa_Fe",46,"ventrosus",13,11
"3303",NA,"spp6",0,"Santa_Fe",46,"ventrosus",13,11
"3304",NA,"spp6",0,"Santa_Fe",46,"ventrosus",13,11
"3305",NA,"spp6",0,"Santa_Fe",46,"ventrosus",13,11
"3306",NA,"spp6",0,"Santa_Fe",46,"ventrosus",13,11
"3307",NA,"spp6",0,"Santa_Fe",46,"ventrosus",13,11
"3308",NA,"spp6",0,"Santa_Fe",46,"ventrosus",13,11
"3309","SA03-39","jacobinus",1,"Santiago",16,"jacobinus",14,12
"3310","SA03-39","jacobinus",0,"Santiago",16,"jacobinus",14,12
"3311","SA03-39","jacobinus",0,"Santiago",16,"jacobinus",14,12
"3312","SA03-39","jacobinus",0,"Santiago",16,"jacobinus",14,12
"3313","SA03-39","jacobinus",0,"Santiago",16,"jacobinus",14,12
"3314","SA03-39","jacobinus",0,"Santiago",16,"jacobinus",14,12
"3315","SA03-39","jacobinus",0,"Santiago",16,"jacobinus",14,12
"3316","SA03-39","jacobinus",0,"Santiago",16,"jacobinus",14,12
"3317","SA03-39","jacobinus",0,"Santiago",16,"jacobinus",14,12
"3318","SA03-39","jacobinus",0,"Santiago",16,"jacobinus",14,12
"3319","SA03-39","jacobinus",0,"Santiago",16,"jacobinus",14,12
"3320","SA03-39","jacobinus",0,"Santiago",16,"jacobinus",14,12
"3321","SA03-39","jacobinus",0,"Santiago",16,"jacobinus",14,12
"3322","SA03-39","jacobinus",0,"Santiago",16,"jacobinus",14,12
"3323","SA02-03","jacobinus",0,"Santiago",16,"jacobinus",14,12
"3324","SA02-03","jacobinus",0,"Santiago",16,"jacobinus",14,12
"3325","SA02-03","jacobinus",0,"Santiago",16,"jacobinus",14,12
"3326","SA02-03","jacobinus",0,"Santiago",16,"jacobinus",14,12
"3327","SA02-03","jacobinus",0,"Santiago",16,"jacobinus",14,12
"3328","SA02-03","jacobinus",0,"Santiago",16,"jacobinus",14,12
"3329","SA02-03","jacobinus",0,"Santiago",16,"jacobinus",14,12
"3330","SA02-03","jacobinus",0,"Santiago",16,"jacobinus",14,12
"3331","SA02-03","jacobinus",0,"Santiago",16,"jacobinus",14,12
"3332","SA02-03","jacobinus",0,"Santiago",16,"jacobinus",14,12
"3333","SA02-03","jacobinus",0,"Santiago",16,"jacobinus",14,12
"3334","SA02-03","jacobinus",0,"Santiago",16,"jacobinus",14,12
"3335","SA02-03","jacobinus",0,"Santiago",16,"jacobinus",14,12
"3336","SA02-03","jacobinus",0,"Santiago",16,"jacobinus",14,12
"3337","SA02-03","jacobinus",0,"Santiago",16,"jacobinus",14,12
"3338","SA02-03","jacobinus",0,"Santiago",16,"jacobinus",14,12
"3339","SA02-03","jacobinus",0,"Santiago",16,"jacobinus",14,12
"3340","SA02-03","jacobinus",0,"Santiago",16,"jacobinus",14,12
"3341","SA02-03","jacobinus",0,"Santiago",16,"jacobinus",14,12
"3342","SA02-03","jacobinus",0,"Santiago",16,"jacobinus",14,12
"3343","SA02-03","jacobinus",0,"Santiago",16,"jacobinus",14,12
"3344","SA02-03","jacobinus",0,"Santiago",16,"jacobinus",14,12
"3345","SA02-03","jacobinus",0,"Santiago",16,"jacobinus",14,12
"3346","SA02-03","jacobinus",0,"Santiago",16,"jacobinus",14,12
"3347","SA02-03","jacobinus",0,"Santiago",16,"jacobinus",14,12
"3348","SA01-21","jacobinus",0,"Santiago",16,"jacobinus",14,12
"3349","SA01-21","jacobinus",0,"Santiago",16,"jacobinus",14,12
"3350","SA01-21","jacobinus",0,"Santiago",16,"jacobinus",14,12
"3351","SA01-21","jacobinus",0,"Santiago",16,"jacobinus",14,12
"3352","SA01-21","jacobinus",0,"Santiago",16,"jacobinus",14,12
"3353","SA01-21","jacobinus",0,"Santiago",16,"jacobinus",14,12
"3354","SA01-21","jacobinus",0,"Santiago",16,"jacobinus",14,12
"3355","SA01-21","jacobinus",0,"Santiago",16,"jacobinus",14,12
"3356","SA01-21","jacobinus",0,"Santiago",16,"jacobinus",14,12
"3357","SA01-21","jacobinus",0,"Santiago",16,"jacobinus",14,12
"3358","SA01-21","jacobinus",0,"Santiago",16,"jacobinus",14,12
"3359","bomba3","jacobinus",0,"Santiago",16,"jacobinus",14,12
"3360","bomba3","jacobinus",0,"Santiago",16,"jacobinus",14,12
"3361","bomba3","jacobinus",0,"Santiago",16,"jacobinus",14,12
"3362","bomba3","jacobinus",0,"Santiago",16,"jacobinus",14,12
"3363","bomba3","jacobinus",0,"Santiago",16,"jacobinus",14,12
"3364","bomba3","jacobinus",0,"Santiago",16,"jacobinus",14,12
"3365","bomba3","jacobinus",0,"Santiago",16,"jacobinus",14,12
"3366","bomba3","jacobinus",0,"Santiago",16,"jacobinus",14,12
"3367","bomba3","jacobinus",0,"Santiago",16,"jacobinus",14,12
"3368","bomba3","jacobinus",100,"Santiago",16,"jacobinus",14,12
"3369","bomba","jacobinus",3,"Santiago",16,"jacobinus",14,12
"3370","bomba","jacobinus",4,"Santiago",16,"jacobinus",14,12
"3371","bomba","jacobinus",0,"Santiago",16,"jacobinus",14,12
"3372","bomba","jacobinus",0,"Santiago",16,"jacobinus",14,12
"3373","bomba","jacobinus",0,"Santiago",16,"jacobinus",14,12
"3374","bomba","jacobinus",0,"Santiago",16,"jacobinus",14,12
"3375","bomba","jacobinus",0,"Santiago",16,"jacobinus",14,12
"3376","bomba","jacobinus",0,"Santiago",16,"jacobinus",14,12
"3377","bomba","jacobinus",0,"Santiago",16,"jacobinus",14,12
"3378","bomba","jacobinus",0,"Santiago",16,"jacobinus",14,12
"3379","bomba","jacobinus",0,"Santiago",16,"jacobinus",14,12
"3380","bomba","jacobinus",0,"Santiago",16,"jacobinus",14,12
"3381","bomba3","jacobinus",0,"Santiago",16,"jacobinus",14,12
"3382","bomba3","jacobinus",0,"Santiago",16,"jacobinus",14,12
"3383","bomba3","jacobinus",0,"Santiago",16,"jacobinus",14,12
"3384","bomba3","jacobinus",0,"Santiago",16,"jacobinus",14,12
"3385","bomba3","jacobinus",0,"Santiago",16,"jacobinus",14,12
"3386","bomba3","jacobinus",0,"Santiago",16,"jacobinus",14,12
"3387","bomba3","jacobinus",0,"Santiago",16,"jacobinus",14,12
"3388","bomba3","jacobinus",0,"Santiago",16,"jacobinus",14,12
"3389","bomba3","jacobinus",0,"Santiago",16,"jacobinus",14,12
"3390","bomba3","jacobinus",0,"Santiago",16,"jacobinus",14,12
"3391","bomba3","jacobinus",0,"Santiago",16,"jacobinus",14,12
"3392","bomba3","jacobinus",0,"Santiago",16,"jacobinus",14,12
"3393","bomba3","jacobinus",0,"Santiago",16,"jacobinus",14,12
"3394","bomba3","jacobinus",0,"Santiago",16,"jacobinus",14,12
"3395","bomba3","jacobinus",0,"Santiago",16,"jacobinus",14,12
"3396","bomba3","jacobinus",0,"Santiago",16,"jacobinus",14,12
"3397","bomba3","jacobinus",0,"Santiago",16,"jacobinus",14,12
"3398","PI-009","spp11",1,"Pinzon",27,"pinzonopsis",9,7
"3399","PI-009","spp11",100,"Pinzon",27,"pinzonopsis",9,7
"3400","PI-009","spp11",10,"Pinzon",27,"pinzonopsis",9,7
"3401","PI-009","spp11",7,"Pinzon",27,"pinzonopsis",9,7
"3402","PI-009","spp11",0,"Pinzon",27,"pinzonopsis",9,7
"3403","PI-05-1-5","spp11",0,"Pinzon",27,"pinzonopsis",9,7
"3404","PI-20-20","spp11",0,"Pinzon",27,"pinzonopsis",9,7
"3405","PI-20-20","spp11",0,"Pinzon",27,"pinzonopsis",9,7
"3406","PI-20-20","spp11",0,"Pinzon",27,"pinzonopsis",9,7
"3407","PI14-N2--5pv-10","spp11",0,"Pinzon",27,"pinzonopsis",9,7
"3408","PI-05-1-6","spp11",0,"Pinzon",27,"pinzonopsis",9,7
"3409","PI-005","spp11",4,"Pinzon",27,"pinzonopsis",9,7
"3410","PI-005","spp11",0,"Pinzon",27,"pinzonopsis",9,7
"3411","PI14-N2--5pv-9","spp11",0,"Pinzon",27,"pinzonopsis",9,7
"3412","PI14-N2--5pv-20","spp11",0,"Pinzon",27,"pinzonopsis",9,7
"3413","PI14-N2--5pv-08","spp11",0,"Pinzon",27,"pinzonopsis",9,7
"3414","PI14-N2--5pv-04","spp11",0,"Pinzon",27,"pinzonopsis",9,7
"3415","PI14-N2--5pv-07","spp11",0,"Pinzon",27,"pinzonopsis",9,7
"3416","PI14-N2--5pv-19","spp11",0,"Pinzon",27,"pinzonopsis",9,7
"3417","PI14-N2--5pv-04","spp11",4,"Pinzon",27,"pinzonopsis",9,7
"3418","PI14-N2--5pv-12","spp11",0,"Pinzon",27,"pinzonopsis",9,7
"3419","PI14-N2--5pv-01","spp11",0,"Pinzon",27,"pinzonopsis",9,7
"3420","PI14-N2--5pv-02","spp11",0,"Pinzon",27,"pinzonopsis",9,7
"3421","PI14-N2--5pv-11","spp11",0,"Pinzon",27,"pinzonopsis",9,7
"3422","PI14-N2--5pv-13","spp11",0,"Pinzon",27,"pinzonopsis",9,7
"3423","PI14-N2--5pv-16","spp11",5,"Pinzon",27,"pinzonopsis",9,7
"3424","PI14-N2--5pv-17","spp11",0,"Pinzon",27,"pinzonopsis",9,7
"3425","PI14-N2--5pv-06","spp11",0,"Pinzon",27,"pinzonopsis",9,7
"3426","PI14-N2--5pv-18","spp11",0,"Pinzon",27,"pinzonopsis",9,7
"3427","PI14-N2--5pv-05","spp11",15,"Pinzon",27,"pinzonopsis",9,7
"3428","PI14-N2--5pv-14","spp11",2,"Pinzon",27,"pinzonopsis",9,7
"3429","PI14-N2--5pv-15","spp11",0,"Pinzon",27,"pinzonopsis",9,7
"3430","PI14-near30","spp11",15,"Pinzon",27,"pinzonopsis",9,7
"3431","PI14-near30","spp11",0,"Pinzon",27,"pinzonopsis",9,7
"3432","PI14-near30","spp11",0,"Pinzon",27,"pinzonopsis",9,7
"3433","PI14-near30","spp11",0,"Pinzon",27,"pinzonopsis",9,7
"3434","PI14-near30","spp11",0,"Pinzon",27,"pinzonopsis",9,7
"3435","PI14-near20","spp11",4,"Pinzon",27,"pinzonopsis",9,7
"3436","PI14-near20","spp11",0,"Pinzon",27,"pinzonopsis",9,7
"3437","PI14-near20","spp11",0,"Pinzon",27,"pinzonopsis",9,7
"3438","PI14-near20","spp11",0,"Pinzon",27,"pinzonopsis",9,7
"3439","PI14-near20","spp11",0,"Pinzon",27,"pinzonopsis",9,7
"3440","PI14-near20","spp11",0,"Pinzon",27,"pinzonopsis",9,7
"3441","PI14-near20","spp11",0,"Pinzon",27,"pinzonopsis",9,7
"3442","PI14-near20","spp11",0,"Pinzon",27,"pinzonopsis",9,7
"3443","bomba3","rugiferus",1,"Santiago",31,"rugiferus",14,12
"3444","bomba3","rugiferus",0,"Santiago",31,"rugiferus",14,12
"3445","bomba3","rugiferus",0,"Santiago",31,"rugiferus",14,12
"3446","bomba3","rugiferus",0,"Santiago",31,"rugiferus",14,12
"3447","bomba3","rugiferus",0,"Santiago",31,"rugiferus",14,12
"3448","bomba3","rugiferus",0,"Santiago",31,"rugiferus",14,12
"3449","bomba3","rugiferus",0,"Santiago",31,"rugiferus",14,12
"3450","bomba3","rugiferus",0,"Santiago",31,"rugiferus",14,12
"3451","bomba3","rugiferus",0,"Santiago",31,"rugiferus",14,12
"3452","bomba3","rugiferus",0,"Santiago",31,"rugiferus",14,12
"3453","bomba3","rugiferus",0,"Santiago",31,"rugiferus",14,12
"3454","bomba3","rugiferus",0,"Santiago",31,"rugiferus",14,12
"3455","bomba3","rugiferus",0,"Santiago",31,"rugiferus",14,12
"3456","bomba3","rugiferus",0,"Santiago",31,"rugiferus",14,12
"3457","bomba3","rugiferus",0,"Santiago",31,"rugiferus",14,12
"3458","bomba3","rugiferus",0,"Santiago",31,"rugiferus",14,12
"3459","bomba3","rugiferus",0,"Santiago",31,"rugiferus",14,12
"3460","bomba3","rugiferus",0,"Santiago",31,"rugiferus",14,12
"3461","bomba3","rugiferus",0,"Santiago",31,"rugiferus",14,12
"3462","bomba3","rugiferus",0,"Santiago",31,"rugiferus",14,12
"3463","bomba3","rugiferus",0,"Santiago",31,"rugiferus",14,12
"3464","bomba3","rugiferus",0,"Santiago",31,"rugiferus",14,12
"3465","bomba3","rugiferus",0,"Santiago",31,"rugiferus",14,12
"3466","bomba3","rugiferus",0,"Santiago",31,"rugiferus",14,12
"3467","bomba3","rugiferus",0,"Santiago",31,"rugiferus",14,12
"3468","bomba3","rugiferus",0,"Santiago",31,"rugiferus",14,12
"3469","bomba3","rugiferus",0,"Santiago",31,"rugiferus",14,12
"3470","bomba3","rugiferus",0,"Santiago",31,"rugiferus",14,12
"3471","bomba3","rugiferus",0,"Santiago",31,"rugiferus",14,12
"3472","bomba3","rugiferus",0,"Santiago",31,"rugiferus",14,12
"3473","bomba3","rugiferus",0,"Santiago",31,"rugiferus",14,12
"3474","SA03-36","rugiferus",0,"Santiago",31,"rugiferus",14,12
"3475","SA03-36","rugiferus",0,"Santiago",31,"rugiferus",14,12
"3476","SA03-36","rugiferus",0,"Santiago",31,"rugiferus",14,12
"3477","SA03-36","rugiferus",0,"Santiago",31,"rugiferus",14,12
"3478","SA03-39","rugiferus",0,"Santiago",31,"rugiferus",14,12
"3479","SA03-39","rugiferus",0,"Santiago",31,"rugiferus",14,12
"3480","SA03-39","rugiferus",0,"Santiago",31,"rugiferus",14,12
"3481","SA03-39","rugiferus",0,"Santiago",31,"rugiferus",14,12
"3482","SA03-39","rugiferus",0,"Santiago",31,"rugiferus",14,12
"3483","SA03-39","rugiferus",0,"Santiago",31,"rugiferus",14,12
"3484","SA03-39","rugiferus",0,"Santiago",31,"rugiferus",14,12
"3485","SA03-39","rugiferus",0,"Santiago",31,"rugiferus",14,12
"3486","SA03-39","rugiferus",0,"Santiago",31,"rugiferus",14,12
"3487","SA03-37","rugiferus",0,"Santiago",31,"rugiferus",14,12
"3488","SA03-37","rugiferus",0,"Santiago",31,"rugiferus",14,12
"3489","SA03-37","rugiferus",0,"Santiago",31,"rugiferus",14,12
"3490","SA03-37","rugiferus",0,"Santiago",31,"rugiferus",14,12
"3491","SA03-37","rugiferus",0,"Santiago",31,"rugiferus",14,12
"3492","SA03-37","rugiferus",0,"Santiago",31,"rugiferus",14,12
"3493","SA03-37","rugiferus",0,"Santiago",31,"rugiferus",14,12
"3494","SA01-03","rugiferus",8,"Santiago",31,"rugiferus",14,12
"3495","SA01-03","rugiferus",4,"Santiago",31,"rugiferus",14,12
"3496","SA20-09","rugiferus",0,"Santiago",31,"rugiferus",14,12
"3497","SA20-09","rugiferus",0,"Santiago",31,"rugiferus",14,12
"3498","SA20-09","rugiferus",0,"Santiago",31,"rugiferus",14,12
"3499","SA20-09","rugiferus",0,"Santiago",31,"rugiferus",14,12
"3500","SA20-09","rugiferus",0,"Santiago",31,"rugiferus",14,12
"3501","SA20-09","rugiferus",0,"Santiago",31,"rugiferus",14,12
"3502","SA20-09","rugiferus",0,"Santiago",31,"rugiferus",14,12
"3503","SA20-09","rugiferus",0,"Santiago",31,"rugiferus",14,12
"3504","SA20-09","rugiferus",0,"Santiago",31,"rugiferus",14,12
"3505","SA20-09","rugiferus",0,"Santiago",31,"rugiferus",14,12
"3506","SA20-09","rugiferus",0,"Santiago",31,"rugiferus",14,12
"3507","SA20-09","rugiferus",0,"Santiago",31,"rugiferus",14,12
"3508","SA20-09","rugiferus",0,"Santiago",31,"rugiferus",14,12
"3509","SA20-09","rugiferus",0,"Santiago",31,"rugiferus",14,12
"3510","SA20-09","rugiferus",0,"Santiago",31,"rugiferus",14,12
"3511","SA20-09","rugiferus",0,"Santiago",31,"rugiferus",14,12
"3512","SA20-09","rugiferus",0,"Santiago",31,"rugiferus",14,12
"3513","SA20-09","rugiferus",0,"Santiago",31,"rugiferus",14,12
"3514","SA20-09","rugiferus",0,"Santiago",31,"rugiferus",14,12
"3515","SA20-09","rugiferus",0,"Santiago",31,"rugiferus",14,12
"3516","SA20-09","rugiferus",0,"Santiago",31,"rugiferus",14,12
"3517","SA20-09","rugiferus",0,"Santiago",31,"rugiferus",14,12
"3518","SA20-09","rugiferus",0,"Santiago",31,"rugiferus",14,12
"3519","SA20-09","rugiferus",0,"Santiago",31,"rugiferus",14,12
"3520","SA20-09","rugiferus",0,"Santiago",31,"rugiferus",14,12
"3521","SA20-09","rugiferus",0,"Santiago",31,"rugiferus",14,12
"3522","SA20-09","rugiferus",0,"Santiago",31,"rugiferus",14,12
"3523","SA20-09","rugiferus",0,"Santiago",31,"rugiferus",14,12
"3524","SA-Bomba3","rugiferus",10,"Santiago",31,"rugiferus",14,12
"3525","SA-Bomba3","rugiferus",8,"Santiago",31,"rugiferus",14,12
"3526","SA-Bomba3","rugiferus",3,"Santiago",31,"rugiferus",14,12
"3527","SA-Bomba3","rugiferus",1,"Santiago",31,"rugiferus",14,12
"3528","SA-Bomba3","rugiferus",22,"Santiago",31,"rugiferus",14,12
"3529","SA-Bomba3","rugiferus",14,"Santiago",31,"rugiferus",14,12
"3530","SA-Bomba3","rugiferus",0,"Santiago",31,"rugiferus",14,12
"3531","SA-Bomba3","rugiferus",0,"Santiago",31,"rugiferus",14,12
"3532","SA03-40","rugiferus",0,"Santiago",31,"rugiferus",14,12
"3533","SA03-40","rugiferus",0,"Santiago",31,"rugiferus",14,12
"3534","SA03-40","rugiferus",0,"Santiago",31,"rugiferus",14,12
"3535","SA03-40","rugiferus",0,"Santiago",31,"rugiferus",14,12
"3536","SA03-40","rugiferus",0,"Santiago",31,"rugiferus",14,12
"3537","SA03-40","rugiferus",0,"Santiago",31,"rugiferus",14,12
"3538","FL14-06","calvus",2,"Floreana",7,"calvus",3,3
"3539","FL14-06","calvus",2,"Floreana",7,"calvus",3,3
"3540","FL14-06","calvus",100,"Floreana",7,"calvus",3,3
"3541","FL14-06","calvus",1,"Floreana",7,"calvus",3,3
"3542","FL14-06","calvus",3,"Floreana",7,"calvus",3,3
"3543","FL14-06","calvus",3,"Floreana",7,"calvus",3,3
"3544","FL14-06","calvus",0,"Floreana",7,"calvus",3,3
"3545","FL14-06","calvus",0,"Floreana",7,"calvus",3,3
"3546","FL14-06","calvus",0,"Floreana",7,"calvus",3,3
"3547","FL14-06","calvus",0,"Floreana",7,"calvus",3,3
"3548","FL14-06","calvus",0,"Floreana",7,"calvus",3,3
"3549","FL14-06","calvus",0,"Floreana",7,"calvus",3,3
"3550","FL14-06","calvus",10,"Floreana",7,"calvus",3,3
"3551","FL14-06","calvus",0,"Floreana",7,"calvus",3,3
"3552","CA16-03","spp8",25,"Isabela",40,"sp_nov_CerroAzul",6,5
"3553","CA16-03","spp8",0,"Isabela",40,"sp_nov_CerroAzul",6,5
"3554","CA16-03","spp8",5,"Isabela",40,"sp_nov_CerroAzul",6,5
"3555","CA16-03","spp8",2,"Isabela",40,"sp_nov_CerroAzul",6,5
"3556","CA16-03","spp8",1,"Isabela",40,"sp_nov_CerroAzul",6,5
"3557","CA16-03","spp8",6,"Isabela",40,"sp_nov_CerroAzul",6,5
"3558","CA16-03","spp8",3,"Isabela",40,"sp_nov_CerroAzul",6,5
"3559","CA16-03","spp8",1,"Isabela",40,"sp_nov_CerroAzul",6,5
"3560","CA16-03","spp8",6,"Isabela",40,"sp_nov_CerroAzul",6,5
"3561","CA16-03","spp8",4,"Isabela",40,"sp_nov_CerroAzul",6,5
"3562","CA16-03","spp8",1,"Isabela",40,"sp_nov_CerroAzul",6,5
"3563","CA16-03","spp8",0,"Isabela",40,"sp_nov_CerroAzul",6,5
"3564","CA16-03","spp8",0,"Isabela",40,"sp_nov_CerroAzul",6,5
"3565","CA16-03","spp8",0,"Isabela",40,"sp_nov_CerroAzul",6,5
"3566","CA16-03","spp8",0,"Isabela",40,"sp_nov_CerroAzul",6,5
"3567","CA16-03","spp8",0,"Isabela",40,"sp_nov_CerroAzul",6,5
"3568","CA16-03","spp8",0,"Isabela",40,"sp_nov_CerroAzul",6,5
"3569","CA16-03","spp8",0,"Isabela",40,"sp_nov_CerroAzul",6,5
"3570","CA16-03","spp8",0,"Isabela",40,"sp_nov_CerroAzul",6,5
"3571","CA16-03","spp8",0,"Isabela",40,"sp_nov_CerroAzul",6,5
"3572","CA16-03","spp8",0,"Isabela",40,"sp_nov_CerroAzul",6,5
"3573","CA05-08","spp8",0,"Isabela",40,"sp_nov_CerroAzul",6,5
"3574","CA05-08","spp8",0,"Isabela",40,"sp_nov_CerroAzul",6,5
"3575","CA05-08","spp8",0,"Isabela",40,"sp_nov_CerroAzul",6,5
"3576","CA05-08","spp8",0,"Isabela",40,"sp_nov_CerroAzul",6,5
"3577","CA05-08","spp8",0,"Isabela",40,"sp_nov_CerroAzul",6,5
"3578","CA05-08","spp8",0,"Isabela",40,"sp_nov_CerroAzul",6,5
"3579","CA05-08","spp8",0,"Isabela",40,"sp_nov_CerroAzul",6,5
"3580","CA05-08","spp8",0,"Isabela",40,"sp_nov_CerroAzul",6,5
"3581","CA05-08","spp8",0,"Isabela",40,"sp_nov_CerroAzul",6,5
"3582","CA05-08","spp8",0,"Isabela",40,"sp_nov_CerroAzul",6,5
"3583","CA05-08","spp8",0,"Isabela",40,"sp_nov_CerroAzul",6,5
"3584","CA05-08","spp8",0,"Isabela",40,"sp_nov_CerroAzul",6,5
"3585","CA05-08","spp8",0,"Isabela",40,"sp_nov_CerroAzul",6,5
"3586","CA05-08","spp8",0,"Isabela",40,"sp_nov_CerroAzul",6,5
"3587","CA05-05","spp8",0,"Isabela",40,"sp_nov_CerroAzul",6,5
"3588","CA05-05","spp8",0,"Isabela",40,"sp_nov_CerroAzul",6,5
"3589","CA05-05","spp8",0,"Isabela",40,"sp_nov_CerroAzul",6,5
"3590","CA05-05","spp8",0,"Isabela",40,"sp_nov_CerroAzul",6,5
"3591","CA05-05","spp8",0,"Isabela",40,"sp_nov_CerroAzul",6,5
"3592","CA05-05","spp8",0,"Isabela",40,"sp_nov_CerroAzul",6,5
"3593","CA05-05","spp8",0,"Isabela",40,"sp_nov_CerroAzul",6,5
"3594","CA05-05","spp8",0,"Isabela",40,"sp_nov_CerroAzul",6,5
"3595","CA05-05","spp8",6,"Isabela",40,"sp_nov_CerroAzul",6,5
"3596","CA05-05","spp8",13,"Isabela",40,"sp_nov_CerroAzul",6,5
"3597","CA05-05","spp8",3,"Isabela",40,"sp_nov_CerroAzul",6,5
"3598","CA05-05","spp8",11,"Isabela",40,"sp_nov_CerroAzul",6,5
"3599","CA05-05","spp8",5,"Isabela",40,"sp_nov_CerroAzul",6,5
"3600","CA05-05","spp8",10,"Isabela",40,"sp_nov_CerroAzul",6,5
"3601","CA05-05","spp8",11,"Isabela",40,"sp_nov_CerroAzul",6,5
"3602","CA05-05","spp8",0,"Isabela",40,"sp_nov_CerroAzul",6,5
"3603","CA05-05","spp8",0,"Isabela",40,"sp_nov_CerroAzul",6,5
"3604","CA05-05","spp8",0,"Isabela",40,"sp_nov_CerroAzul",6,5
"3605","CA05-05","spp8",0,"Isabela",40,"sp_nov_CerroAzul",6,5
"3606","CA05-05","spp8",0,"Isabela",40,"sp_nov_CerroAzul",6,5
"3607","CA05-05","spp8",0,"Isabela",40,"sp_nov_CerroAzul",6,5
"3608","CA05-05","spp8",0,"Isabela",40,"sp_nov_CerroAzul",6,5
"3609","CA05-05","spp8",0,"Isabela",40,"sp_nov_CerroAzul",6,5
"3610","CA05-10","spp8",0,"Isabela",40,"sp_nov_CerroAzul",6,5
"3611","CA05-10","spp8",0,"Isabela",40,"sp_nov_CerroAzul",6,5
"3612","CA05-10","spp8",0,"Isabela",40,"sp_nov_CerroAzul",6,5
"3613","CA05-10","spp8",0,"Isabela",40,"sp_nov_CerroAzul",6,5
"3614","CA05-10","spp8",0,"Isabela",40,"sp_nov_CerroAzul",6,5
"3615","CA05-10","spp8",0,"Isabela",40,"sp_nov_CerroAzul",6,5
"3616","CA05-10","spp8",0,"Isabela",40,"sp_nov_CerroAzul",6,5
"3617","CA05-10","spp8",0,"Isabela",40,"sp_nov_CerroAzul",6,5
"3618","CA05-10","spp8",0,"Isabela",40,"sp_nov_CerroAzul",6,5
"3619","CA05-10","spp8",0,"Isabela",40,"sp_nov_CerroAzul",6,5
"3620","CA05-10","spp8",0,"Isabela",40,"sp_nov_CerroAzul",6,5
"3621","CA05-10","spp8",0,"Isabela",40,"sp_nov_CerroAzul",6,5
"3622","CA05-10","spp8",0,"Isabela",40,"sp_nov_CerroAzul",6,5
"3623","CA05-10","spp8",0,"Isabela",40,"sp_nov_CerroAzul",6,5
"3624","CA05-10","spp8",0,"Isabela",40,"sp_nov_CerroAzul",6,5
"3625","CA05-10","spp8",0,"Isabela",40,"sp_nov_CerroAzul",6,5
"3626","CA05-10","spp8",0,"Isabela",40,"sp_nov_CerroAzul",6,5
"3627","CA05-10","spp8",0,"Isabela",40,"sp_nov_CerroAzul",6,5
"3628","CA05-10","spp8",0,"Isabela",40,"sp_nov_CerroAzul",6,5
"3629","CA05-10","spp8",0,"Isabela",40,"sp_nov_CerroAzul",6,5
"3630","CA05-10","spp8",0,"Isabela",40,"sp_nov_CerroAzul",6,5
"3631","CA05-10","spp8",0,"Isabela",40,"sp_nov_CerroAzul",6,5
"3632","CA05-10","spp8",0,"Isabela",40,"sp_nov_CerroAzul",6,5
"3633","CA05-10","spp8",0,"Isabela",40,"sp_nov_CerroAzul",6,5
"3634","CA05-10","spp8",0,"Isabela",40,"sp_nov_CerroAzul",6,5
"3635","CA05-10","spp8",0,"Isabela",40,"sp_nov_CerroAzul",6,5
"3636","CA05-10","spp8",0,"Isabela",40,"sp_nov_CerroAzul",6,5
"3637","CA05-10","spp8",0,"Isabela",40,"sp_nov_CerroAzul",6,5
"3638","CA05-10","spp8",0,"Isabela",40,"sp_nov_CerroAzul",6,5
"3639","CA05-09","spp8",0,"Isabela",40,"sp_nov_CerroAzul",6,5
"3640","CA05-09","spp8",0,"Isabela",40,"sp_nov_CerroAzul",6,5
"3641","CA05-09","spp8",0,"Isabela",40,"sp_nov_CerroAzul",6,5
"3642","CA05-09","spp8",0,"Isabela",40,"sp_nov_CerroAzul",6,5
"3643","CA05-09","spp8",0,"Isabela",40,"sp_nov_CerroAzul",6,5
"3644","CA05-09","spp8",0,"Isabela",40,"sp_nov_CerroAzul",6,5
"3645","CA05-09","spp8",0,"Isabela",40,"sp_nov_CerroAzul",6,5
"3646","CA05-09","spp8",0,"Isabela",40,"sp_nov_CerroAzul",6,5
"3647","CA05-09","spp8",0,"Isabela",40,"sp_nov_CerroAzul",6,5
"3648","CA05-09","spp8",0,"Isabela",40,"sp_nov_CerroAzul",6,5
"3649","CA05-09","spp8",0,"Isabela",40,"sp_nov_CerroAzul",6,5
"3650","CA05-09","spp8",0,"Isabela",40,"sp_nov_CerroAzul",6,5
"3651","CA05-09","spp8",0,"Isabela",40,"sp_nov_CerroAzul",6,5
"3652","SC03-66-A","hirsutus",0,"Santa_Cruz",14,"hirsutus",12,10
"3653","SC03-66-A","hirsutus",0,"Santa_Cruz",14,"hirsutus",12,10
"3654","SC03-66-A","hirsutus",0,"Santa_Cruz",14,"hirsutus",12,10
"3655","SC03-66-A","hirsutus",0,"Santa_Cruz",14,"hirsutus",12,10
"3656","SC03-66-A","hirsutus",0,"Santa_Cruz",14,"hirsutus",12,10
"3657","SC03-66-A","hirsutus",0,"Santa_Cruz",14,"hirsutus",12,10
"3658","SC03-66-A","hirsutus",0,"Santa_Cruz",14,"hirsutus",12,10
"3659","SC03-66-A","hirsutus",0,"Santa_Cruz",14,"hirsutus",12,10
"3660","SC14-06-A","hirsutus",4,"Santa_Cruz",14,"hirsutus",12,10
"3661","SC14-06-A","hirsutus",21,"Santa_Cruz",14,"hirsutus",12,10
"3662","SC14-06-A","hirsutus",20,"Santa_Cruz",14,"hirsutus",12,10
"3663","SC14-06-A","hirsutus",35,"Santa_Cruz",14,"hirsutus",12,10
"3664","SC14-06-A","hirsutus",30,"Santa_Cruz",14,"hirsutus",12,10
"3665","SC14-06-A","hirsutus",27,"Santa_Cruz",14,"hirsutus",12,10
"3666","SC14-06-A","hirsutus",10,"Santa_Cruz",14,"hirsutus",12,10
"3667","SC14-06-A","hirsutus",0,"Santa_Cruz",14,"hirsutus",12,10
"3668","SC14-06-A","hirsutus",0,"Santa_Cruz",14,"hirsutus",12,10
"3669","SC14-06-A","hirsutus",0,"Santa_Cruz",14,"hirsutus",12,10
"3670","SC14-06-A","hirsutus",0,"Santa_Cruz",14,"hirsutus",12,10
"3671","SC14-06-A","hirsutus",0,"Santa_Cruz",14,"hirsutus",12,10
"3672","SC14-06-A","hirsutus",0,"Santa_Cruz",14,"hirsutus",12,10
"3673","SC14-06-A","hirsutus",0,"Santa_Cruz",14,"hirsutus",12,10
"3674","SC14-06-A","hirsutus",0,"Santa_Cruz",14,"hirsutus",12,10
"3675","SC14-06-A","hirsutus",0,"Santa_Cruz",14,"hirsutus",12,10
"3676","SC14-06-A","hirsutus",0,"Santa_Cruz",14,"hirsutus",12,10
"3677","SC14-06-A","hirsutus",0,"Santa_Cruz",14,"hirsutus",12,10
"3678","SC14-06-A","hirsutus",0,"Santa_Cruz",14,"hirsutus",12,10
"3679","SC14-06-A","hirsutus",0,"Santa_Cruz",14,"hirsutus",12,10
"3680","SC14-06-A","hirsutus",0,"Santa_Cruz",14,"hirsutus",12,10
"3681","SC14-06-A","hirsutus",0,"Santa_Cruz",14,"hirsutus",12,10
"3682","SC14-06-A","hirsutus",0,"Santa_Cruz",14,"hirsutus",12,10
"3683","SC14-06-A","hirsutus",0,"Santa_Cruz",14,"hirsutus",12,10
"3684","SC14-06-A","hirsutus",0,"Santa_Cruz",14,"hirsutus",12,10
"3685","SC14-06-A","hirsutus",0,"Santa_Cruz",14,"hirsutus",12,10
"3686","SC14-06-A","hirsutus",0,"Santa_Cruz",14,"hirsutus",12,10
"3687","SC14-06-A","hirsutus",20,"Santa_Cruz",14,"hirsutus",12,10
"3688","SC14-06-A","hirsutus",47,"Santa_Cruz",14,"hirsutus",12,10
"3689","SC14-06-A","hirsutus",9,"Santa_Cruz",14,"hirsutus",12,10
"3690","SC14-06-A","hirsutus",28,"Santa_Cruz",14,"hirsutus",12,10
"3691","SC14-06-A","hirsutus",0,"Santa_Cruz",14,"hirsutus",12,10
"3692","SC14-06-A","hirsutus",0,"Santa_Cruz",14,"hirsutus",12,10
"3693","SC14-06-A","hirsutus",0,"Santa_Cruz",14,"hirsutus",12,10
"3694","SC14-06-A","hirsutus",0,"Santa_Cruz",14,"hirsutus",12,10
"3695","SC14-06-A","hirsutus",0,"Santa_Cruz",14,"hirsutus",12,10
"3696","SC14-06-A","hirsutus",0,"Santa_Cruz",14,"hirsutus",12,10
"3697","SC14-06-A","hirsutus",0,"Santa_Cruz",14,"hirsutus",12,10
"3698","SC14-06-A","hirsutus",0,"Santa_Cruz",14,"hirsutus",12,10
"3699","SC14-06-A","hirsutus",0,"Santa_Cruz",14,"hirsutus",12,10
"3700","SC14-06-A","hirsutus",50,"Santa_Cruz",14,"hirsutus",12,10
"3701","SC14-15","tanneri",0,"Santa_Cruz",42,"tanneri",12,10
"3702","SC14-15","tanneri",0,"Santa_Cruz",42,"tanneri",12,10
"3703","SC14-15","tanneri",0,"Santa_Cruz",42,"tanneri",12,10
"3704","SC14-15","tanneri",0,"Santa_Cruz",42,"tanneri",12,10
"3705","SC14-15","tanneri",0,"Santa_Cruz",42,"tanneri",12,10
"3706","SC14-15","tanneri",0,"Santa_Cruz",42,"tanneri",12,10
"3707","SC14-15","tanneri",0,"Santa_Cruz",42,"tanneri",12,10
"3708","SC14-15","tanneri",0,"Santa_Cruz",42,"tanneri",12,10
"3709","SC14-15","tanneri",0,"Santa_Cruz",42,"tanneri",12,10
"3710","SC14-15","tanneri",0,"Santa_Cruz",42,"tanneri",12,10
"3711","SC14-15","tanneri",0,"Santa_Cruz",42,"tanneri",12,10
"3712","SC14-15","tanneri",0,"Santa_Cruz",42,"tanneri",12,10
"3713","SC14-15","tanneri",0,"Santa_Cruz",42,"tanneri",12,10
"3714","SC14-15","tanneri",0,"Santa_Cruz",42,"tanneri",12,10
"3715","SC14-15","tanneri",0,"Santa_Cruz",42,"tanneri",12,10
"3716","SC14-15","tanneri",0,"Santa_Cruz",42,"tanneri",12,10
"3717","SC14-15","tanneri",0,"Santa_Cruz",42,"tanneri",12,10
"3718","SC14-15","tanneri",0,"Santa_Cruz",42,"tanneri",12,10
"3719","SC14-15","tanneri",0,"Santa_Cruz",42,"tanneri",12,10
"3720","SC14-15","tanneri",0,"Santa_Cruz",42,"tanneri",12,10
"3721","SC14-15","tanneri",0,"Santa_Cruz",42,"tanneri",12,10
"3722","SC14-15","tanneri",0,"Santa_Cruz",42,"tanneri",12,10
"3723","SC14-15","tanneri",0,"Santa_Cruz",42,"tanneri",12,10
"3724","SC14-15","tanneri",0,"Santa_Cruz",42,"tanneri",12,10
"3725","SC14-15","tanneri",0,"Santa_Cruz",42,"tanneri",12,10
"3726","SC14-15","tanneri",0,"Santa_Cruz",42,"tanneri",12,10
"3727","SC14-15","tanneri",0,"Santa_Cruz",42,"tanneri",12,10
"3728","SC14-15","tanneri",0,"Santa_Cruz",42,"tanneri",12,10
"3729","SC14-15","tanneri",0,"Santa_Cruz",42,"tanneri",12,10
"3730","SC14-15","tanneri",0,"Santa_Cruz",42,"tanneri",12,10
"3731","SC14-15","tanneri",0,"Santa_Cruz",42,"tanneri",12,10
"3732","SC14-15","tanneri",0,"Santa_Cruz",42,"tanneri",12,10
"3733","SC14-15","tanneri",0,"Santa_Cruz",42,"tanneri",12,10
"3734","SC14-15","tanneri",0,"Santa_Cruz",42,"tanneri",12,10
"3735","SC14-15","tanneri",0,"Santa_Cruz",42,"tanneri",12,10
"3736","SC14-15","tanneri",0,"Santa_Cruz",42,"tanneri",12,10
"3737","SC14-15","tanneri",0,"Santa_Cruz",42,"tanneri",12,10
"3738","SC14-15","tanneri",0,"Santa_Cruz",42,"tanneri",12,10
"3739","SC14-15","tanneri",0,"Santa_Cruz",42,"tanneri",12,10
"3740","SC14-15","tanneri",0,"Santa_Cruz",42,"tanneri",12,10
"3741","SC-A","tanneri",6,"Santa_Cruz",42,"tanneri",12,10
"3742","SC-A","tanneri",7,"Santa_Cruz",42,"tanneri",12,10
"3743","SC-A","tanneri",3,"Santa_Cruz",42,"tanneri",12,10
"3744","SC-A","tanneri",1,"Santa_Cruz",42,"tanneri",12,10
"3745","SC-A","tanneri",0,"Santa_Cruz",42,"tanneri",12,10
"3746","SC-A","tanneri",0,"Santa_Cruz",42,"tanneri",12,10
"3747","SC-A","tanneri",0,"Santa_Cruz",42,"tanneri",12,10
"3748","SC-A","tanneri",0,"Santa_Cruz",42,"tanneri",12,10
"3749","SC-A","tanneri",0,"Santa_Cruz",42,"tanneri",12,10
"3750","SC-A","tanneri",0,"Santa_Cruz",42,"tanneri",12,10
"3751","SC-A","tanneri",0,"Santa_Cruz",42,"tanneri",12,10
"3752","SC-A","tanneri",0,"Santa_Cruz",42,"tanneri",12,10
"3753","FL18-07","invalidus",0,"Floreana",15,"invalidus",3,3
"3754","FL18-07","invalidus",0,"Floreana",15,"invalidus",3,3
"3755","FL18-07","invalidus",0,"Floreana",15,"invalidus",3,3
"3756","FL18-07","invalidus",0,"Floreana",15,"invalidus",3,3
"3757","FL18-07","invalidus",0,"Floreana",15,"invalidus",3,3
"3758","FL18-07","invalidus",0,"Floreana",15,"invalidus",3,3
"3759","FL18-07","invalidus",0,"Floreana",15,"invalidus",3,3
"3760","FL18-07","invalidus",0,"Floreana",15,"invalidus",3,3
"3761","FL18-07","invalidus",0,"Floreana",15,"invalidus",3,3
"3762","FL18-07","invalidus",0,"Floreana",15,"invalidus",3,3
"3763","FL18-07","invalidus",0,"Floreana",15,"invalidus",3,3
"3764","FL18-07","invalidus",0,"Floreana",15,"invalidus",3,3
"3765","FL14-05","invalidus",0,"Floreana",15,"invalidus",3,3
"3766","FL14-05","invalidus",0,"Floreana",15,"invalidus",3,3
"3767","FL14-05","invalidus",0,"Floreana",15,"invalidus",3,3
"3768","FL14-05","invalidus",0,"Floreana",15,"invalidus",3,3
"3769","FL14-05","invalidus",0,"Floreana",15,"invalidus",3,3
"3770","FL14-05","invalidus",0,"Floreana",15,"invalidus",3,3
"3771","FL14-05","invalidus",0,"Floreana",15,"invalidus",3,3
"3772","FL14-05","invalidus",0,"Floreana",15,"invalidus",3,3
"3773","FL14-05","invalidus",0,"Floreana",15,"invalidus",3,3
"3774","FL14-05","invalidus",0,"Floreana",15,"invalidus",3,3
"3775","FL14-05","invalidus",0,"Floreana",15,"invalidus",3,3
"3776","FL14-05","invalidus",0,"Floreana",15,"invalidus",3,3
"3777","FL14-06","invalidus",0,"Floreana",15,"invalidus",3,3
"3778","FL14-07","invalidus",0,"Floreana",15,"invalidus",3,3
"3779","FL14-08","invalidus",0,"Floreana",15,"invalidus",3,3
"3780","FL14-09","invalidus",0,"Floreana",15,"invalidus",3,3
"3781","FL14-10","invalidus",0,"Floreana",15,"invalidus",3,3
"3782","FL14-11","invalidus",0,"Floreana",15,"invalidus",3,3
"3783","FL01-0234","invalidus",0,"Floreana",15,"invalidus",3,3
"3784","FL01-0233","invalidus",0,"Floreana",15,"invalidus",3,3
